id,ip_address,event_time,app,country
b46f6d5e-8c85-4352-b194-1d8497f8cdaf,237.97.167.24,2021-10-08 01:16:04,Greenlam,CN
218c653c-3e74-49fa-b54c-3aae56ca0189,56.242.54.42,2022-07-19 05:02:31,Temp,PH
17713a0a-38ab-4f56-8a0a-2cf6973b5d8f,196.152.134.50,2022-08-20 20:40:08,Job,CN
1b4c7d71-7a60-4b7b-9dca-6080894095fa,17.236.121.5,2022-04-02 15:05:52,Daltfresh,SE
1169fa4a-4941-4c72-b5b0-ee91bc7fe9a5,198.207.72.163,2021-11-27 02:15:44,Job,RU
439292cd-6a0a-4500-8104-a8b0e88d4dc1,30.81.97.119,2022-03-31 05:23:04,Holdlamis,BW
195a6073-d9be-44a9-aece-dabfcef160d7,242.64.172.169,2022-03-18 13:19:02,Subin,SE
b6c278db-3149-4d24-830e-b62211779070,199.237.45.201,2022-02-18 03:13:11,Treeflex,NL
068c0fdf-2e59-47e5-99a3-7f7167f29785,186.247.235.39,2021-10-05 00:59:40,Ventosanzap,FR
fce6d35b-6410-4a2d-b23e-3c5303f3ff66,83.247.210.106,2022-11-02 17:36:18,Duobam,MY
dcc03bb7-1178-4db6-ac8f-e2b608ea6651,125.75.51.52,2022-02-07 05:01:01,Overhold,CZ
19f88c89-e8e4-4377-b26c-1b5b2ce797a0,44.59.232.202,2022-01-05 06:27:16,,US
c343605f-8e0e-49c0-950d-bbc1c809ce94,178.131.98.159,2022-01-10 07:01:02,Cardguard,PH
97f9d56e-65eb-47b2-bf37-3d0e6070871c,113.5.23.61,2021-09-10 03:56:39,Andalax,FR
7cb410d7-9b20-4220-a212-568d7d0f8f1e,159.167.51.120,2021-11-22 08:31:12,Bigtax,JP
20688e38-583e-46cf-837f-528963278710,116.110.54.179,2022-03-09 19:29:45,Fix San,PH
fe9bd7cf-d64d-4d82-bb29-7cb3bcec947e,153.7.191.64,2022-03-11 18:12:19,Zamit,PT
dff27218-d3c8-4e86-abb3-cde3395af0ea,238.4.13.27,2022-10-22 16:37:32,Redhold,LK
55b053a9-271e-4bbb-90f3-d759b5cb3bf0,124.173.108.105,2022-04-26 02:15:25,Regrant,ID
a29ed5da-912e-44e2-a808-fd9ec6e5ea2f,1.70.136.153,2021-09-08 03:47:42,Greenlam,MA
cd7654c9-f58a-4d22-8657-0daa098af5bc,219.23.4.130,2022-08-30 15:09:14,Tempsoft,ID
81edc133-0fac-40e3-aaf8-6a68874f4a7c,26.209.105.106,2021-11-06 03:28:05,Wrapsafe,VN
f50dd5ec-268a-48b0-bde4-6999f76426fd,218.231.172.82,2021-08-26 08:59:17,Redhold,RU
c8d43d39-44d0-43ec-9a04-9f263ad32693,117.85.242.221,2022-05-23 13:50:09,Vagram,US
4abda570-c478-4bd9-aebe-727a17fc48f1,9.149.163.102,2021-09-08 20:55:45,Bigtax,CA
fd827a79-f6e5-47e9-b670-754d4ebc9699,40.139.0.139,2022-05-02 04:33:33,Biodex,KP
c8575201-b4bb-46da-96d0-673afe474002,38.29.145.136,2022-10-26 23:51:31,Fix San,RU
35bddcb0-a88f-4ccc-b927-e4965adb06ca,149.24.106.27,2022-12-22 00:09:13,Keylex,RU
aab539fb-6064-4f53-a76f-60a2902be1f9,17.27.246.111,2022-07-08 07:58:20,Voltsillam,PH
067b3547-10fe-4f9b-83a9-6eeb83832cef,199.55.216.189,2022-03-23 00:34:56,Mat Lam Tam,ID
2f147879-8e8f-4863-a0ff-639202c44f4c,237.55.231.163,2021-10-15 04:48:49,Daltfresh,PL
9f1e4afe-4b9d-49b0-9337-1b0badf643d3,249.63.74.106,2022-11-23 20:04:05,Matsoft,PL
665eaa39-7035-47af-badb-b47841c50e99,240.85.153.28,2022-07-16 07:36:51,Bitwolf,CN
11cf3b69-ab25-4c8b-936b-f37e1d0cbbcf,206.41.227.242,2021-08-31 05:39:26,Sonsing,ID
cd91cf02-70d0-41f6-8472-bb4d30b15f3d,191.207.165.121,2022-01-20 06:39:06,Redhold,US
d92cebd6-af88-44c7-9311-e700f74024af,230.160.150.191,2022-11-26 04:14:46,Kanlam,RU
8bf93a0f-ded2-43b2-86bb-8adc51c6144c,231.233.77.66,2021-10-28 18:35:24,Kanlam,CN
1a8da795-2979-43ea-9b68-3f9b853ad7a1,28.144.15.184,2021-09-16 20:40:14,Wrapsafe,NO
15408995-cbaf-4570-a389-666c17695c08,64.16.67.187,2022-09-11 10:48:27,Biodex,SE
27c2f617-2221-4e67-9448-dc8d1fc51e56,40.32.227.20,2022-03-17 05:14:24,Bitwolf,TH
0f9415fb-954e-4a00-ae37-3397977eed80,17.59.92.97,2022-09-19 22:28:41,Alphazap,ID
8fc137ac-bda2-49ce-8011-cb5df6e4fba2,46.250.75.74,2021-11-24 11:27:42,Job,CO
cf5ac20d-c887-41bf-8dde-a9e80bf4b89d,98.118.64.166,2022-08-25 15:13:02,Subin,CZ
b2df64dc-3345-4e83-9e9c-019cb72e472c,55.30.155.145,2022-03-27 22:09:37,Treeflex,CN
cae4990d-17aa-4aa0-a4ef-a49652c86c19,223.6.144.29,2022-10-25 14:17:48,Zathin,CN
3d227326-82d8-426b-b775-91abfbddc076,104.1.219.18,2022-04-09 15:48:40,Bytecard,BG
237b868c-c9ce-45e7-b373-812140f9d925,224.6.133.81,2022-02-13 10:28:53,,CN
be684c25-3643-47a5-8feb-914062973827,112.75.108.102,2022-05-21 18:25:36,Mat Lam Tam,RU
48a8a19c-f202-4d8e-a568-668a9121a81a,229.222.236.238,2021-09-25 10:14:44,Hatity,NI
ff8d71f3-a766-4b68-8a9f-a4608a39fd63,112.53.151.6,2022-05-05 01:43:13,Veribet,PH
62ea73a5-94b4-4242-9599-585eff5fe51a,154.204.225.138,2022-02-22 19:07:48,,VN
6c0f4fac-6277-41bb-abbc-7c67050705df,206.131.191.92,2022-05-07 01:10:51,Kanlam,PH
5b6ad332-ecec-4772-92fd-13c815f4e628,5.138.231.211,2022-08-06 22:51:49,It,PH
0466fde3-70bf-4ea5-a395-594c5a6497db,246.20.17.242,2022-11-13 11:51:44,Alphazap,PT
11605e40-519f-480d-9762-6ea18a43434e,91.161.155.140,2022-07-18 00:02:45,Bigtax,ID
a39d1ec9-f1a0-4179-be71-f945e4af6a64,73.61.187.56,2022-01-16 23:26:23,Rank,NE
4f22972a-fc35-4600-a416-cef943a209c4,49.75.216.221,2022-10-21 17:43:42,Zamit,TL
669c6851-22c4-4748-9e69-e4998cb7bc64,92.212.103.41,2022-11-25 02:18:15,Alphazap,CN
3f1532aa-541a-4f69-99de-7a4c9a22ef7e,25.48.154.228,2022-08-09 01:21:31,Veribet,SE
deac1662-09b8-48cd-a909-4ad5b5719f8d,36.248.205.114,2022-02-11 11:26:14,Namfix,CN
e250850f-bde0-4a37-ac52-f2ef37426af7,217.151.103.5,2022-07-14 23:49:17,Y-Solowarm,BY
af6737b8-b780-4c7b-9573-b4cdd639ebc7,38.234.233.200,2022-03-21 13:21:20,Prodder,CZ
93109a09-046d-4f28-9aeb-bfb61b1b63cc,160.176.88.191,2022-12-24 12:25:35,Regrant,TH
ef92c035-0b4e-44d5-a3c5-2eb24fc618cc,253.251.8.101,2022-07-26 13:28:07,Voltsillam,PT
5b06f4ed-f1a0-41e9-9810-f1f90ac3e89f,168.254.191.227,2021-09-30 21:15:08,Cardguard,NI
d873a973-816f-4b4b-8c09-115942140d1f,195.250.147.99,2022-04-28 05:11:51,Stim,TJ
0436608f-a4b6-4d98-bec1-56cff9804d3a,55.40.28.11,2021-10-07 14:15:39,Duobam,ID
10e6a51d-3d15-4d09-9289-d66ef965243f,99.93.153.178,2022-01-17 15:49:13,Rank,RU
8cf1d4e1-df51-4ac1-b995-b87d1bcbb0d7,107.110.52.95,2022-03-02 03:40:49,Stim,BR
6dfbfaa4-ac56-46f2-8287-bbc2e76c1d72,218.51.7.202,2022-11-10 21:10:54,Zoolab,MM
e4544709-d9c1-4d90-b395-29e3981ce376,74.15.42.43,2021-09-21 19:01:29,Viva,NL
efd97bbe-3c41-46bb-af57-539fad91a2de,240.145.61.53,2022-08-16 06:00:08,Cardguard,CN
333c023d-7824-4e82-abf1-85baa80eb646,191.158.161.247,2021-11-17 00:11:16,Sub-Ex,BR
439bbc5b-a72d-4c75-bde2-01977f87b070,87.8.19.46,2022-10-25 16:50:20,Sonsing,US
8d991343-a8d7-42e1-86b1-f6e9098c79ed,41.4.136.32,2022-02-15 23:42:10,Toughjoyfax,US
a9d82c87-c0e4-4561-82a4-51a0ea83419e,175.222.63.57,2022-12-22 22:25:15,Domainer,ID
19688e28-d335-4d99-bcff-66a007707976,167.14.12.152,2022-09-13 22:17:38,Hatity,CN
150e290f-bd7d-484b-a4bb-764afce7d34d,223.38.136.68,2022-03-07 01:56:42,It,RU
80c58d47-14dd-4764-a3f4-23488ef454cd,103.153.69.74,2022-05-23 16:44:34,Namfix,MV
ef88ff42-aff5-46fe-97c2-7592befc431a,190.78.112.15,2021-11-28 15:22:44,Holdlamis,PH
71c256c0-766d-491f-85bb-46eb28e0626b,51.166.103.29,2022-09-14 03:54:56,Mat Lam Tam,UA
b76a3154-433b-471b-9719-2866be23b536,103.95.126.19,2021-09-03 19:26:58,Stim,CN
4e84faf9-a78a-462c-b6e5-f31216efd069,175.111.183.135,2022-08-02 10:26:40,Treeflex,NC
efc7f34b-6697-4ffe-9fbf-b1f44d3033c0,141.243.199.228,2022-02-17 06:10:12,Zathin,PT
75a3f680-b5f0-40ba-b466-eeca9a4a693b,235.153.248.10,2022-01-08 00:43:08,Job,PH
2662fd3e-7780-449a-8522-4a90100a8830,37.246.222.137,2022-12-01 00:42:10,Bytecard,GH
a2bb7ac6-d968-4c8b-aa69-7c69548e6497,143.199.166.36,2022-09-25 10:00:59,Redhold,TH
c97bd5b6-2d2a-4e36-959d-54e184b3934a,24.186.194.228,2022-02-18 00:15:47,,ID
ae601aef-63da-4d88-a550-0d2973ce20aa,217.171.133.32,2022-06-13 18:35:03,Kanlam,UA
b45d11e1-e245-48ba-9f49-fc5467e6ecbd,166.5.233.121,2022-03-17 07:32:49,Namfix,RU
825b9d32-8367-461e-9415-4ca8da89072f,4.148.100.242,2022-10-31 09:00:57,Bamity,GR
cc552437-9740-4904-b731-12c46757d9ed,221.244.255.33,2022-01-23 02:54:08,Konklux,BR
b7b82a21-b82c-477c-861e-542f4627aabe,76.37.173.91,2022-06-30 11:17:32,Bigtax,CN
0cd57ab9-a18d-4fee-b2fc-7946ba058899,106.62.225.75,2022-10-11 09:31:11,Rank,GR
846bfb4a-c1b4-42dc-bd01-7d65d3dfc3cc,235.42.134.246,2022-08-19 13:10:53,Tampflex,ID
a294adff-98ce-4289-871d-47d16181496c,160.48.196.31,2022-12-06 04:00:59,Tres-Zap,CN
522c9664-620b-4d22-a20d-6fb52b15aa7f,253.112.92.221,2021-10-23 08:56:54,Fixflex,PK
50a5581a-367c-42a4-aa38-526c0d49fb42,242.205.200.13,2022-08-02 11:50:38,Hatity,CN
a350c0bc-b2d3-4859-8475-065babec25c9,157.103.222.175,2021-12-16 01:42:00,,ID
f1f6684d-9301-407d-9f37-61b2476d44dc,245.196.254.109,2022-03-02 06:58:25,Biodex,PH
a97a9a7a-4848-433b-9836-1adfec385b80,146.229.202.47,2021-12-19 01:24:20,,CN
bafa62c8-bcae-47fb-b35f-cb471231b083,74.185.177.149,2022-01-04 20:04:51,Fintone,SI
bbaa1e30-3ffe-4445-91bc-52dde054b437,164.91.171.71,2021-09-04 08:36:32,Kanlam,PT
27014f67-32af-4f43-8513-c80cafca2e6e,78.63.187.137,2022-09-20 07:00:43,Tampflex,MV
1fb0164b-d07b-44dd-bf6b-870b9f055927,244.228.252.86,2022-09-04 02:46:27,Y-find,NO
bfa86770-f3ed-4a03-8a15-3ee30d0eb099,18.179.73.59,2021-12-17 05:42:50,Bitchip,PT
20f0765a-d093-4675-a1fc-165c7307ab77,21.214.24.204,2021-10-24 01:16:36,Tresom,CN
1f2622aa-fd31-49ac-92e1-8ae6d3856028,83.83.48.221,2021-09-14 14:45:56,Job,PT
82249484-4172-43db-8633-331a2834a8d1,53.82.160.67,2022-05-09 21:36:25,Andalax,PE
5483b57f-544b-4fd5-9405-cf394aed7299,254.247.241.79,2022-02-08 23:41:29,Fintone,CY
b3dfc324-33d1-4c17-96e2-555612e406a5,5.236.130.203,2021-09-11 11:45:58,Quo Lux,CN
1c00c540-662c-4f2d-b589-c7bcf69d14a9,191.150.129.60,2022-12-20 05:54:16,Fixflex,MG
24e377e8-72ad-4acd-baef-2783a2b28ca8,200.23.0.12,2022-05-15 14:13:21,Lotstring,CN
997dc167-7c64-4862-82bc-f874f5263819,71.156.72.116,2022-12-08 16:13:02,Kanlam,CN
0d8ff503-b513-4151-945a-80dd226882ee,119.50.153.240,2022-11-16 23:52:05,Bitwolf,PT
8a528f59-77a3-4638-8c53-e979297ce0e9,102.8.231.150,2022-12-03 20:40:41,Asoka,ID
b158c466-9f30-4d71-b3ed-62353b42b9b7,108.215.36.48,2021-09-15 15:30:53,Span,MX
de43cd38-f305-4b76-bfb4-f44c117b3545,13.156.61.237,2022-08-31 09:46:07,Konklux,ID
3cf0804c-f995-4062-866d-e205c920f0cf,56.200.48.108,2021-10-22 07:03:19,Tempsoft,ID
314f8802-008a-414e-96f2-081bed8368e7,254.129.15.148,2022-05-31 05:54:13,,ID
46e9bd40-d3f1-49a9-ac36-7a65854e02c3,92.225.9.113,2022-01-11 00:19:16,Veribet,PH
3660f084-0d46-4b22-9120-69d541f3ed1f,136.226.236.174,2022-06-11 13:08:35,Bitwolf,KZ
dc58e1a2-1db6-4803-b946-b89621788a34,12.181.13.179,2021-09-20 19:47:18,Mat Lam Tam,RU
c66a59bc-b914-4ff5-a6ed-242746013e2c,54.224.11.28,2022-12-19 23:21:50,Solarbreeze,MG
e4d0e2f6-ad04-439b-80df-9d4901a92d4a,94.76.167.253,2021-10-11 12:39:12,Kanlam,ID
9013a5d9-66a8-4632-b084-f7a3b21901fd,2.47.158.207,2021-11-05 22:45:21,,CN
8c062559-3f02-44a1-9f4d-34ea8ee61b60,242.154.155.160,2022-05-19 02:14:10,Fix San,ID
a1e8b657-bbaf-4441-9c2a-4765003e062e,120.121.211.144,2022-12-07 17:57:47,Stronghold,PT
d12f7c50-9034-4a14-bd67-4de500e9b213,27.102.203.139,2022-08-15 11:02:20,Cookley,ID
75b20d08-7d75-45fb-b675-a684b99eff33,22.176.70.5,2022-02-06 08:56:40,Bitchip,RU
170908b4-a250-4cfe-908c-74a83069bc6d,69.205.248.117,2021-11-14 01:26:16,Matsoft,ID
42328918-64ab-49d8-b337-a639142bf85e,11.82.11.226,2022-07-16 16:41:08,Bigtax,HR
7020b961-2c63-42bf-96cc-f2e2b5ce89a5,117.145.215.17,2022-09-10 06:01:39,Sonsing,PT
32cffd67-56a3-45fd-b424-b73f50f29425,73.249.253.162,2022-05-20 11:07:48,Zontrax,RU
dd11d9bd-1a18-4748-8afa-65883da2d322,81.89.242.38,2021-09-25 19:00:11,Transcof,CN
46046c69-b3b3-4ad4-b2f5-6c337acef9b2,30.219.250.38,2022-02-19 01:35:13,Zontrax,CN
011ae20f-e13c-47ac-a4e3-46419659d96f,113.187.45.51,2022-08-05 17:56:14,Sub-Ex,CN
e7063061-5e80-439d-8d7d-51941e309f40,227.196.170.87,2022-01-13 02:51:00,Vagram,US
f4862059-842f-4a1e-b132-a1bc69e007f2,48.74.20.168,2022-05-03 03:49:48,Cookley,BR
31cc0426-ee5c-4364-8536-c8d29c4eb7c6,108.51.220.176,2022-12-06 16:55:40,Ventosanzap,SE
f5ec22b1-8309-44e4-ae0c-c774da5cb00e,197.113.212.36,2022-06-13 03:30:52,Holdlamis,CN
cf013660-e43f-4bb7-ba05-9f1d11030350,231.104.93.250,2022-07-03 03:28:59,Voltsillam,PL
c98529e9-65be-4970-add0-174aee77aac3,172.25.97.248,2022-10-09 23:24:38,Tres-Zap,PK
a9c55970-2397-4999-aadd-3bad5a3b6d2f,118.188.119.238,2022-12-17 06:37:59,Zaam-Dox,UA
3f2e2513-dfa1-4993-82c7-b6e972806912,59.127.144.130,2022-07-04 20:30:17,Tempsoft,ID
3fb345ba-5124-4713-8dbb-227600bd24f7,188.245.60.141,2021-12-05 02:42:49,Rank,NL
65810204-bc84-465d-8d22-b6c56ad4a37f,217.190.155.145,2021-10-23 22:42:20,Prodder,ID
803aa042-27ad-4dc0-a72a-83b9ff96b674,178.249.212.255,2022-07-17 09:34:42,Holdlamis,PT
1fa8b579-1c50-441d-9852-5fd73daec763,14.95.93.155,2022-06-18 10:45:36,Home Ing,IR
497dcc49-759e-4156-8119-bd8b32cdc72a,231.98.156.174,2022-09-30 07:05:38,Voyatouch,TH
e93ef307-b1aa-4e79-a02a-a32d37d5be6d,166.67.180.233,2022-06-16 23:14:01,Job,ID
0a0a2753-c44f-47a1-a0fc-b58e24903d00,7.38.89.245,2022-01-09 12:55:55,Greenlam,ID
53091e80-ce56-4313-ba5b-08677d758749,210.33.21.76,2021-12-22 14:03:46,Stronghold,BD
ab9b0209-9804-4904-955d-bbc45f634e9a,86.16.187.125,2022-07-05 03:22:01,Pannier,RU
b5cb8fad-633e-4ff5-bd06-42bf533b10de,215.20.109.34,2022-02-13 18:35:42,Y-Solowarm,RU
155a0199-8740-4283-a1bc-c0cb8a7c630f,34.113.255.91,2022-04-16 02:27:47,Opela,MX
c5a59e66-fe59-4e69-bc51-404107c3da00,176.190.143.164,2022-09-14 16:31:51,Y-Solowarm,ZA
0f4fbf86-f5e8-4114-bc01-a011a47f93b5,102.143.62.11,2022-04-27 23:10:23,Stim,KZ
1475eed7-0bb5-4328-bc01-f5b0432bccbc,173.77.74.0,2022-03-13 16:06:50,Span,US
4834da5e-98fc-496b-9b64-d3ee32111584,71.149.150.206,2022-09-12 02:39:06,Bytecard,US
5457a7f2-7f24-45dd-97ea-79eece9ec80b,118.53.55.47,2022-03-02 15:51:18,Bitchip,CN
a3e8a148-d5f7-4c2f-a545-8e5077e2ad89,133.37.99.239,2021-12-29 23:48:29,Job,PH
b7dfd781-f392-453e-9f6d-84f2b2b3ece3,184.96.178.197,2021-12-26 00:37:28,Span,IT
2a8b2431-5784-4677-b2c4-23a3d6e472a2,5.170.125.204,2022-10-13 03:14:44,Zamit,DO
baf02e09-cbbd-4954-8aca-39043fa48ddf,72.198.200.233,2022-09-24 00:19:52,Zoolab,CN
12e96950-e151-4690-aa89-723b93f9c517,128.36.145.138,2021-12-12 07:44:59,Rank,PH
6321840f-5a48-49ea-8d47-e041e89da3f4,24.43.93.182,2022-01-15 14:09:37,Transcof,TN
678be1f0-3d5e-477a-999b-558fc4c9a4f3,33.87.76.199,2022-01-26 21:53:15,,AS
3849dd12-ccee-44ee-901e-14c39c4aca8a,97.40.91.10,2022-03-17 07:17:22,Greenlam,PL
67e040ef-0093-4779-8e2d-232518f79a5a,49.27.53.73,2022-05-12 07:31:52,Konklab,FR
b5036cc8-f5d6-4931-8eab-7a9d136387c5,105.105.27.40,2022-01-19 15:31:47,Solarbreeze,FI
b8d70e84-e42a-45a4-aec1-e5f99551c9d0,22.232.130.242,2022-12-11 15:04:15,Tresom,RU
f4d19075-f20b-4213-8a00-60e9b3ac3e1a,120.175.153.191,2022-02-10 23:18:21,Cookley,GT
6bcdb088-49cb-4a99-9d33-7a91279d1ddc,213.26.64.237,2021-09-18 14:03:05,Tres-Zap,BY
66c3cbed-d3a1-4da7-b3eb-1261e8cc35db,177.87.73.40,2022-06-03 22:24:26,Solarbreeze,SE
15b8a85c-e4aa-4d7b-b32b-492489c39aae,107.141.156.225,2022-04-11 18:53:00,Solarbreeze,CN
d1de45b2-0253-4220-91c9-a4534386f026,1.207.105.127,2022-02-24 21:29:01,Aerified,RU
dbe08a19-7c0d-47be-9133-0d4ef0ca4283,63.128.163.138,2022-08-12 02:57:25,Treeflex,BW
1bb261a6-e678-49bd-9fcd-521316d7eab9,93.156.111.206,2021-09-21 08:49:07,Bitchip,FR
04f3515f-d928-4cd7-af19-d68ea5102930,226.133.186.221,2022-04-06 10:55:41,Asoka,PE
44518149-cd27-40a0-883c-fe933928d149,4.51.104.65,2021-11-10 14:12:48,Wrapsafe,PT
e6c6af55-e0ec-40b6-bd58-6321115cf32d,116.237.101.52,2022-05-22 02:48:24,Vagram,CN
6c2ecd61-e1d3-40bb-aa9c-c87e567ac256,97.208.37.22,2022-03-24 17:34:23,Zamit,RU
f65050bf-faef-44f0-9dbd-92d36c6c5ee5,254.15.210.118,2021-11-26 04:59:12,Keylex,BQ
52961f22-5642-4af3-805a-1353620d726e,101.14.252.210,2022-08-13 13:59:44,Trippledex,MX
56bff9f9-6406-4ba3-8552-14acfdc9984e,207.40.255.110,2022-04-29 15:28:56,Mat Lam Tam,FR
55dd5e3a-5f37-41e3-b953-106222d52357,62.49.11.129,2022-03-23 16:14:58,Cardguard,NR
cf29c69d-2807-42f4-b40f-1f03129e3e30,179.77.149.50,2021-11-13 05:09:10,Otcom,CN
8815a33b-b312-4ba5-b13d-9b55f06e1666,223.144.118.185,2021-12-25 02:54:26,Greenlam,MG
2d726bb4-5cbd-4283-9157-909afc895aa4,166.211.11.241,2022-01-09 01:10:03,Job,MY
5f87310b-9c12-47b8-84d8-0ef2c49ceb95,133.13.18.192,2022-06-05 08:47:05,Kanlam,BJ
be8de4ed-ad09-44fb-97d9-6f85be58cffa,109.232.0.152,2022-12-24 18:57:31,Cardify,CN
9fab60f3-af8e-469f-a8ed-e022fbcced6d,226.110.109.197,2021-12-11 07:52:43,Fixflex,RU
e9d2ce10-4db5-440e-ac30-1f3c9ecf447c,188.165.67.16,2022-11-20 04:24:27,Cardify,CN
24c0f834-0e6c-47b8-a0d8-c1434414229e,41.157.112.106,2022-03-11 06:59:18,It,PH
605fe501-e6f5-43e1-9a84-57091a1b48b4,220.135.58.168,2022-10-09 08:48:06,Redhold,ID
74ea574e-d10e-4d98-9752-75ba90fd5d15,244.216.244.170,2022-08-21 15:34:15,,PL
6088018d-d5f9-45bd-953c-265f1270954f,162.224.48.71,2022-08-16 09:08:42,Stim,ID
8f5b67f9-b1b5-4bf8-9a49-dc809323a18b,79.50.209.101,2022-12-09 22:33:15,Y-Solowarm,MK
c130831d-b9a7-406d-944a-93b50c0943aa,125.214.179.245,2022-10-05 21:16:58,Domainer,PH
d882e5d8-3643-43a1-a334-64de5942df51,120.161.59.207,2022-03-15 10:24:24,Lotstring,ID
931948b9-4410-4162-a7ed-16c6aecee3f1,24.168.48.75,2022-09-23 23:56:42,It,CN
e27c6934-147e-4be2-a4c6-b6d5181d9288,125.225.0.97,2022-12-06 23:09:13,Daltfresh,MW
2e3cef26-fa00-4a8c-9e99-591fc51af868,191.245.148.126,2022-12-26 17:44:20,,CN
7fe5cbaf-daf5-44db-a4de-c7d92fd5c2d4,139.39.214.30,2022-03-25 23:39:54,Gembucket,AL
385890e7-79d9-4b7f-8ddc-66f7e5edfd16,39.199.189.44,2022-10-25 09:09:25,Konklab,CO
6f9957ef-4108-450f-a306-4f69aeedabd4,109.152.252.166,2022-03-26 16:51:28,Quo Lux,EE
f5aa9bfd-77d5-4157-a6b8-657fde255475,6.233.181.94,2022-07-29 20:15:01,Daltfresh,GM
c32b2eee-abe7-4306-b4ab-d3bda0f2edc3,95.28.87.83,2022-11-23 13:18:55,Tempsoft,RU
91273c6a-5dad-4b95-b4c0-21fcb4c53c0c,195.15.169.81,2022-02-23 16:08:33,Sonair,PA
0bef55d7-9df8-4d91-8a72-9428ad8e2ca7,137.71.160.10,2021-11-21 17:45:56,Greenlam,CN
dd3856ba-c2aa-485c-8ec0-76568173b57f,13.207.154.64,2021-09-19 03:47:41,Tresom,PL
135a122c-1c43-4453-8944-4d8f6f71284e,108.182.68.203,2022-10-29 11:52:48,Span,ID
2b898bff-a861-4ed5-9cca-27f49682a73d,148.239.202.192,2022-04-20 13:05:50,Alpha,FR
b4a5fdcd-1ad6-4c4a-af7f-ef53e5f0feee,251.104.148.122,2022-07-05 15:58:12,Veribet,RU
a172853e-4620-45be-bfec-06edc0bcb213,125.26.12.171,2022-10-23 23:14:53,Fintone,CN
e1a62c4c-c82e-40ab-8e66-56ff464af998,183.202.27.177,2022-11-10 15:47:02,Tampflex,JP
a342cc71-08c7-40d6-aa2f-d13ef7486856,253.118.248.221,2022-11-30 08:03:17,Alphazap,CN
00e52fdc-cf43-4417-a22a-2a7f8e0a1f29,32.68.218.68,2022-01-10 09:45:51,Lotlux,CN
ed04da49-3b77-447b-840b-b25df159020e,135.62.25.159,2022-03-18 04:25:44,Solarbreeze,DO
3282b32b-1c7f-4c32-853a-95ac76aeacfa,63.242.51.191,2021-09-03 06:29:59,Daltfresh,LT
f57ca39a-9d2c-48a9-9d5f-8e287608c575,255.219.47.139,2022-09-09 07:57:26,Sonsing,ID
076373c6-09db-45bf-9090-33f436103b49,225.23.10.30,2022-05-11 12:46:57,Regrant,HN
409b277a-4b39-4169-9625-3b3a89aa2562,134.61.177.98,2021-12-03 12:34:11,Aerified,MA
a67751a2-d6cc-4292-b12e-2111aedaa9fb,160.130.55.103,2022-09-25 07:06:06,Gembucket,AE
a81cc123-9eed-4eda-b8ab-f4c99f529e8f,80.173.129.92,2022-08-18 23:57:44,Otcom,CN
2f0bfbac-50ed-4036-aff3-31a3f3c07280,145.37.36.30,2021-11-12 13:03:55,Wrapsafe,TH
d4a478fe-d243-44d8-899f-88f4180d1d07,192.246.179.243,2021-08-31 17:41:07,Y-find,BR
569e3fe5-a46a-4811-9e6c-ded5c1b25a97,125.152.49.101,2021-10-07 16:34:42,Greenlam,CN
0329d9bc-25a4-40b4-b0ec-fea35690f85e,32.56.171.143,2022-10-17 09:33:21,Konklux,GU
4d201bec-d929-47ec-86de-629665aeda54,48.95.239.145,2021-09-30 03:13:05,Cookley,BR
6d198b8b-abf3-4f6d-a7d6-b52bbc344756,90.117.255.226,2022-08-21 16:26:43,,SE
ac6b1e4c-95d1-4cbe-a95e-b10698697812,221.73.244.99,2022-03-20 09:31:13,Wrapsafe,KW
e42eb4b1-e0b0-4722-b03d-05b0d5e174e5,167.202.1.36,2022-02-09 12:36:30,Voltsillam,CZ
574ded57-7fb9-445e-9cda-4248e3ce0220,50.237.145.35,2022-01-20 06:15:25,Hatity,PH
c7201f48-0725-4ee0-90c7-c47bc36e3edc,69.84.191.238,2022-11-15 04:23:17,Stringtough,BR
40d53ef7-6860-42a6-bd6f-88eac1d63478,153.107.19.0,2022-05-18 21:54:39,Pannier,IL
ed336bda-101a-4673-aed1-03060893bb0a,144.49.233.254,2021-11-26 20:43:38,Y-find,PH
d28c12df-7f3f-47fa-8d36-a5169fd0531c,222.68.102.166,2021-11-12 10:18:46,Temp,PT
e89797b6-b29e-4c5f-affa-7d3cf68c7c55,125.48.177.83,2021-09-20 07:51:05,Regrant,FR
a7bcddf1-646a-4de8-8188-49479d53dd80,253.53.189.199,2021-11-07 13:02:12,Zoolab,PH
28fc47d9-095c-46e7-9fbe-6241487038ed,251.248.143.164,2022-11-12 08:15:06,Tresom,CN
79685de1-4db8-408b-9818-82e363650873,63.211.192.179,2022-03-14 09:46:35,Alpha,SE
4a9c90fa-e8c5-45d4-90ee-abacd895a6d8,51.130.210.240,2022-10-02 04:17:25,Overhold,CN
5a3a9aba-c16a-4395-817f-e5bf2a0aad93,90.105.106.231,2022-08-26 14:28:47,Tresom,CN
3630c1e3-37c8-4b04-9792-81e1b5a13896,30.119.230.36,2022-01-22 03:22:06,Tresom,IR
fc04ddb9-3536-4b54-b928-94d30b491d9d,101.222.57.133,2021-10-29 12:44:54,Fintone,CO
114a2ba9-01f2-4573-af37-c007db05ec49,32.148.231.64,2021-11-17 14:18:28,Prodder,PH
b303568a-b5fa-493f-8e77-aec6037127b4,75.64.166.254,2022-12-19 21:51:40,Sonsing,CN
f57c7a25-6b05-4712-98f1-ab8d010b854f,171.86.152.206,2022-05-16 16:05:49,,IE
7041e43e-8976-48a1-a513-d7c7930b625f,159.158.140.255,2021-11-24 15:15:05,Mat Lam Tam,CN
b9413a5c-d6e3-4997-8744-601517b35c6c,112.123.149.101,2022-05-09 23:58:17,Latlux,PH
cf49b943-c020-4d6c-94ca-0ba8038a4193,251.246.152.224,2022-04-27 18:43:59,Redhold,PH
485d32a0-8214-409f-ac0b-5397fe85eb4e,23.81.244.169,2021-12-31 04:14:31,Namfix,JP
0b0f222e-f831-4796-95ae-facf76eb9fe8,54.79.167.21,2021-12-01 23:36:00,Tres-Zap,ES
d0caf485-3ab0-4ff7-b051-cc185e49acfd,207.213.69.77,2022-08-19 08:24:10,Cardify,MY
35ed8e9d-67c4-4263-abec-1fe1c92a0f24,49.232.191.168,2021-09-27 15:39:49,Ventosanzap,PH
e6a44a28-fa97-47ad-91ea-7d4c693fcf5d,162.84.177.240,2021-11-12 18:57:31,Vagram,CN
18abde24-be7a-4e4b-bf08-30472ad8c655,237.220.156.57,2022-06-14 18:59:22,Lotlux,LV
6c9c3639-4d06-414a-9b90-e09bb5ba3995,118.109.93.108,2021-12-06 12:58:09,Tempsoft,CN
42fa3405-f151-4aa6-b5cb-743586fd1614,54.102.122.65,2022-11-30 12:39:25,Gembucket,GR
c1ec02aa-d982-4cf7-911f-22abb3a31a38,46.254.39.57,2022-04-20 05:53:54,Wrapsafe,ID
ab4a4252-a31c-454b-8c11-28fde4ff6269,37.233.142.202,2022-09-26 04:08:14,Span,CN
35156b2d-0506-410f-aea9-3dc76e7195d7,79.71.172.192,2022-04-26 01:18:00,Solarbreeze,GR
4862f9b7-2153-491f-97da-e3b7fefd8d39,136.89.133.56,2021-10-19 15:00:31,Alphazap,CN
fbbbec5a-3b27-489e-a56b-86a8ad46b158,127.110.152.176,2022-06-10 07:21:54,Hatity,BR
9632966c-52ad-4a50-a9f6-6c362939ec9f,93.189.164.103,2022-12-07 22:20:50,Toughjoyfax,HR
fae2c0ef-e564-4b2d-9149-010a4053c539,187.171.189.153,2022-03-09 08:56:58,Bitwolf,NL
e53e7758-f528-467d-afd7-bf03035b7c99,27.75.218.151,2021-08-24 11:52:40,Tresom,SE
ab24c191-4465-4d33-85d5-1d4e42e7cb63,182.11.38.250,2022-12-14 15:21:05,,SE
1c54f4ba-caa6-4903-b717-3e4a143eac1e,70.80.191.23,2022-11-09 16:45:29,Hatity,PT
9792acaf-3877-47cc-8a9a-428846f51bdc,71.116.151.226,2022-08-13 01:11:48,Cardguard,AL
d07fc3bf-74bd-435c-8f18-8cd87843b302,130.71.247.119,2022-08-04 13:14:50,Regrant,NI
f183c2ab-57e0-49c9-9b28-add977256352,30.14.183.111,2022-02-10 19:17:48,Job,ID
3f9f5576-ae03-41bd-9476-98e5a0eb45a7,230.177.53.49,2022-12-14 18:47:45,Lotlux,PH
ae52f69f-9ebf-4685-b080-55bd7cacae9a,221.68.183.68,2022-06-25 09:13:39,Otcom,FR
97f4618a-99d4-47a6-bb01-371b4c38431f,128.241.109.117,2022-10-07 09:15:16,Job,AX
56507da8-51a9-4fbe-b3d2-3a3b6a5b16e9,45.215.45.163,2022-12-17 05:41:45,Regrant,PH
c903f7ec-1fe4-41e7-b6bb-acba6db4ed9b,4.129.219.154,2022-05-21 16:32:24,Cookley,PL
899acae1-5e10-405c-9499-e4c436a5e124,253.33.212.229,2022-08-05 13:02:20,Bitchip,PH
8ea1eb3b-b1c0-4338-880f-40a46de9782f,110.195.213.78,2022-01-17 20:30:54,Regrant,AG
2a963b64-4b78-49ed-9823-e69e692564a3,63.251.126.175,2021-08-28 08:58:22,Ventosanzap,BR
38f9e728-e34d-4fd3-90c4-0586fe3e8544,118.226.242.54,2022-04-25 07:48:05,Transcof,PT
6f53de3c-6295-4702-8739-616d77365609,238.250.7.144,2022-07-26 14:45:30,Alphazap,YE
37e9a89a-d5b1-4012-a774-c9b46541aa32,191.80.185.83,2021-12-13 13:18:22,Transcof,PH
f2b2e658-77ae-4aaf-9802-c5bbe672c9ab,193.147.151.148,2022-11-15 14:55:59,Gembucket,MY
6eb8a762-3383-40a5-868f-489bba8fbe8a,169.133.59.54,2022-02-06 10:59:04,Aerified,DE
dd357296-df77-4119-a114-ef55b0b4ff1f,61.255.195.246,2021-12-12 15:20:34,Andalax,VN
7a70702a-6efa-4e84-916d-230b78d9eac6,172.53.199.35,2021-09-29 22:41:14,Sonair,BR
b0206602-fee2-4317-939f-8d2559c500b2,46.176.67.204,2021-12-10 06:12:58,Namfix,BO
5b6a4c65-1873-4b85-9ec1-86ccfff0ed4c,1.233.77.146,2021-12-15 09:44:49,Bitwolf,FR
8667ca0e-7362-43d6-96b4-c449e261ffa1,183.121.37.196,2022-09-09 06:48:29,Domainer,US
520ad9bc-9403-469a-88d8-1060ab0f6300,65.124.105.252,2022-02-22 04:02:03,Bamity,PL
3b82ba99-ea54-45d7-a24f-a48cee4f7463,93.236.50.41,2021-11-24 04:58:59,Ronstring,BR
343acff1-b76a-47d5-90bd-93aa0c42373d,243.85.108.211,2022-09-09 00:55:47,Vagram,PH
89e8954d-6437-4662-88cb-a6ef9654a89b,159.149.10.133,2022-09-13 08:30:30,Gembucket,ID
e7259723-f206-4912-b78e-b90fad056319,222.100.181.122,2022-08-28 17:09:10,,UA
55354105-5728-4e6d-bfbd-66adf8e233cc,119.170.27.158,2022-05-22 04:06:21,Job,ID
91f7953b-b9fb-46bf-8020-680381260f1d,88.25.241.60,2022-01-26 22:49:24,Span,UA
d4b745cb-9fd8-46ad-8f32-b3eeb169823a,158.81.183.57,2022-03-23 08:22:45,Keylex,ID
fad9f5c1-ba1c-497c-b44b-f961e3389b3d,138.59.44.133,2022-04-03 12:09:10,Latlux,LT
e7537143-6355-429d-91de-1e9f14b6e392,127.248.200.95,2021-11-27 00:22:43,Sub-Ex,CN
f43298ca-5f4a-4e5e-98fa-de50df4a8fed,229.171.39.74,2022-11-01 06:57:53,Ronstring,UA
4a0ff79e-5b8c-40fe-82ca-6aa96e02f90c,55.53.73.12,2021-11-07 06:13:03,Cardify,CR
9a19e51a-834c-46ae-9770-eef7a4c255d1,24.105.178.204,2022-12-24 01:19:04,Flowdesk,ID
c8d57f9d-1b7c-4d16-9898-eb830c6b052a,200.118.77.226,2021-09-19 10:40:56,Voltsillam,RU
4e46ebf5-a7ca-4c66-8443-b27c4b55835f,131.72.86.244,2021-09-08 05:09:09,Zamit,NO
54955bef-a772-4c9c-8621-945736f89c0e,79.126.118.139,2021-12-28 00:15:25,Stim,MX
790e1300-1a0b-4fe6-96d2-82f079ee1a21,94.12.191.228,2021-11-04 05:06:35,Y-Solowarm,PH
99ef797d-a0d0-46fe-9987-d5e51f496944,86.170.135.16,2021-08-23 16:48:11,Regrant,ID
1bfd04b1-c8a8-46c6-87e0-f70387857b08,227.12.46.2,2022-05-04 16:33:43,,BG
bd2a8492-7221-4a5c-82e6-4e101b3a19a2,80.108.16.92,2021-11-01 05:34:54,Flowdesk,CN
7bfadeb4-1502-4c6c-b7dc-f059491e4e28,187.209.195.91,2022-09-21 06:17:18,,BR
86f9890a-b646-4e57-9d02-9764113af68c,110.108.26.150,2022-05-28 16:08:02,Zamit,RU
828a64d7-30e0-482e-92e6-5b0d320504b0,61.28.77.176,2022-02-07 05:44:13,Bitchip,RU
3d06e82e-c2c3-4aaf-a84e-666f9fc03cf6,200.27.136.144,2022-02-26 12:42:52,Duobam,US
f183fc9d-2627-459f-8d75-51f7d3b7d008,106.92.114.70,2022-06-08 08:40:40,Fix San,PH
9f93f775-c861-4a79-8f41-2f01ecb853ee,156.115.208.194,2022-12-16 05:13:07,,SL
a0e3fe31-ab6d-47f9-8fdf-64a5866d7bf7,79.144.75.78,2022-11-25 17:12:34,Greenlam,CN
e7fa88d3-a146-4c76-bd16-6a1ce7474629,77.125.111.240,2022-02-26 23:03:20,,PE
c261053b-b7b1-4b40-91d1-721ff5c3ad97,102.243.73.35,2022-11-10 04:23:44,Bamity,GR
24597059-04b4-48ea-92af-1aab8f96179c,203.70.198.82,2022-03-28 23:39:49,Tresom,PL
b3616a51-1883-4622-a13f-347a9b478667,3.231.108.9,2022-02-08 15:10:16,Stronghold,AR
01f0b880-efbc-427e-b23f-221a722f92b8,17.37.177.186,2021-12-30 07:14:43,Latlux,JP
f6116e57-055d-4003-9067-4afc61717107,244.236.53.49,2022-08-31 04:41:19,Ronstring,GT
8fc7998d-6139-49b7-a87e-03060ced892f,241.220.105.213,2021-09-03 02:58:11,,BG
8094bca8-7286-44e0-b341-797308417148,236.169.35.169,2022-01-02 01:14:29,Namfix,TH
bdd4977d-b40e-4196-9f13-35094b6909fd,44.98.241.70,2022-03-05 23:47:16,Alphazap,ID
93258211-3914-4b08-88cd-35605db5bc4d,252.247.54.140,2021-12-31 15:42:55,Alpha,PH
e7063f0f-5351-43be-bb35-6f7e4ed80ded,190.104.83.186,2022-06-21 05:51:44,,GU
a5e457c9-019b-48fd-9d05-135b692245df,116.19.11.121,2021-09-24 13:40:17,Duobam,PT
28b8c817-b39f-4a60-88e1-05c1479998a7,180.175.71.114,2021-12-21 05:10:10,Toughjoyfax,PE
7c35b4b7-aff9-4643-9183-37890f24b9f9,2.168.254.68,2022-04-02 02:15:03,Bytecard,ID
1492585b-de8d-44a4-8740-4c674d325f15,10.104.175.170,2022-04-11 08:56:19,Keylex,CN
192b32ec-6643-44a3-a08b-72654fe36c44,57.180.105.146,2022-04-28 08:42:30,Konklab,ZA
b2301acf-7fdd-4d8f-8c0f-f806e69c0111,53.162.209.248,2021-08-29 21:34:21,Namfix,AR
040397b9-ba13-47aa-b31e-8b7b4bcbec34,166.222.114.137,2022-02-10 17:34:07,Alphazap,FR
ad403844-5969-4a86-8702-c138c723cab3,202.112.196.225,2022-03-21 23:36:12,Home Ing,RU
83eb7985-4d17-485c-a586-6f587de8b33e,218.199.137.124,2022-01-27 04:25:05,Andalax,TN
d38f30aa-ab08-47a6-a048-97d2dcd4dc84,184.245.251.249,2022-04-28 22:20:07,Latlux,PL
414efbfb-3e5b-44d6-9c99-03ed5a1e91f4,247.222.170.48,2022-04-20 12:00:44,Voyatouch,US
808fb9ea-daf3-4565-b5d7-df624f4672ac,255.223.181.199,2022-10-23 02:40:43,Domainer,ID
dadcc0a2-91b7-47ce-9ee9-51988d68268a,180.73.66.210,2022-08-27 10:58:08,Sonsing,KZ
0013799d-5181-4283-935e-88ed4e6116e6,13.224.35.85,2022-08-10 03:13:37,Redhold,FR
5baec99e-6af8-4f05-b57c-97a0cd6b859b,231.200.191.99,2022-05-09 08:56:12,Voltsillam,PT
e70d0c55-b5b4-4934-a24c-5bf4d08e6c7a,118.27.75.118,2022-01-21 03:34:46,Greenlam,CN
90c9e05c-f56f-409b-8a49-6686811fa45b,74.24.48.196,2022-01-25 16:07:24,Tempsoft,ID
67b99ed5-b401-4591-a2e4-90c9982ca128,160.63.54.189,2022-04-27 01:53:50,Toughjoyfax,US
a6c044e6-eff2-45bf-b8dc-998c7aa0d74d,162.54.196.156,2021-12-31 05:53:21,Bytecard,CN
289d4f30-80af-4442-b2a2-fd151df610c1,203.250.242.211,2021-12-03 18:21:26,Tin,ID
ec851691-8133-40d2-8e11-f2c41221acb4,54.93.228.218,2022-07-14 07:51:19,Transcof,CY
1fdd383c-8e22-46ba-9b46-cf950b843692,246.76.200.184,2021-12-06 07:45:28,Stim,HR
baffa4ba-a3cc-48c9-acb1-35922c3d1839,221.5.191.25,2022-03-08 13:10:32,Matsoft,VE
1b5e944e-ab94-4ed9-906a-3a5f431340ce,130.241.1.33,2022-07-26 11:08:03,Mat Lam Tam,BR
5594224a-cc68-4622-8bc5-68261b7233f1,225.18.236.54,2022-07-30 16:06:46,Zathin,CN
b54a427a-40c0-4e43-91a4-d4abe7ef784b,62.226.114.25,2022-03-12 07:33:24,,IR
97920f66-f091-47d5-927d-b6b2534182b7,234.126.3.94,2022-12-14 18:26:52,Bytecard,ID
7880e1e4-b292-43d2-888a-a44fdcf51d70,24.51.198.31,2022-01-11 06:11:54,,JP
d75a6b53-0124-4d47-9a63-3f477fc67ebb,108.235.133.196,2022-01-16 14:57:05,Alphazap,CA
e844756b-4a69-4955-8b7b-6c0e2736f24e,239.28.65.163,2022-01-07 01:12:50,Zontrax,MX
676c9ada-2ef3-4a7b-a1ab-e70a3e760f3b,103.113.113.235,2022-10-09 09:24:14,Stronghold,FR
8e05245e-5374-40b6-8568-2d33214a46ae,9.73.80.100,2022-06-16 12:06:55,Lotstring,VN
312e2922-80ee-4332-8c16-52c5f60232a6,17.164.3.109,2022-01-21 22:31:37,Lotstring,CN
610b85cc-97a0-453b-9071-cdc685ae04e9,130.15.45.88,2022-03-27 17:37:26,Quo Lux,CN
21ba310a-0f00-4323-914a-c8459dd9839c,57.147.28.200,2022-06-01 21:46:36,Zoolab,US
cdde73d7-e3d0-451a-b5f7-3be706a0e4a2,65.1.202.23,2022-01-06 11:25:57,Bitwolf,US
e1722f06-3c52-4bbd-bce6-9d1f867a8e28,209.114.174.216,2021-12-25 23:35:11,Fixflex,RU
ff48c3f7-2206-4fd9-971d-c859414fb92d,222.109.119.198,2022-02-19 23:51:39,Transcof,CN
aaeac24a-d450-4259-9c26-5c971f825945,0.232.12.95,2022-11-10 15:09:08,Pannier,CN
21220317-5d1d-4b5a-9b65-e2a8af892da2,182.108.116.100,2021-12-25 04:07:06,Matsoft,FR
3b7a0998-27ff-4f4c-bc03-ba0dfb2196db,226.242.177.7,2022-04-29 20:03:08,Mat Lam Tam,TH
2fdbdb51-9797-4504-b5e3-86865073f339,83.241.89.242,2022-10-11 19:35:20,Y-find,LB
cd76da4c-bd5e-4779-a599-a4998bab969c,11.1.47.150,2022-12-22 14:09:45,Trippledex,PT
baa6eaa6-2fb0-49df-a202-a8bb2e65c106,70.211.94.120,2021-08-23 01:02:37,Zathin,CN
5275a5d1-43bd-4b92-b434-0ffea63ed346,74.240.39.43,2022-11-02 02:03:55,Matsoft,ME
b4f9564f-d7f7-4348-aabe-9da435cec6b2,155.4.78.44,2022-04-18 10:59:40,Aerified,FR
a64b735a-6f1f-401a-8888-d990ebcf566e,227.179.61.225,2021-08-30 18:46:20,Pannier,MD
2cd31df5-4b85-4f1a-a77c-48f8b78dfeb1,30.131.58.109,2022-08-13 18:50:32,,ID
59204f93-4672-4c9d-b58d-5ec528c78a34,141.25.216.224,2022-08-13 12:48:17,Flowdesk,PH
ead4607c-4e1b-47d4-a314-1cb2b880c309,100.86.46.175,2022-04-09 11:21:55,Zontrax,PY
2f92a76e-2c95-44a1-8250-394ebf4c4191,230.4.204.75,2022-08-10 18:46:34,Gembucket,SE
e79c9329-f2b0-4dd0-bf42-63b9a326678f,108.208.122.47,2022-05-02 11:25:24,Span,SA
d021fdb6-e462-4401-86aa-6e8c4d0a240f,1.191.102.247,2021-11-14 08:01:08,Bitchip,CO
68e9524a-442a-42a7-8ad6-d9a566a24b36,194.59.171.66,2021-10-12 01:37:40,Kanlam,CO
24a41e24-60d2-4377-bac5-b9b36e8f0f77,78.147.212.188,2022-08-29 09:49:59,Redhold,PL
7b5b9adc-3814-4da8-bef2-0afbdd674bb2,110.219.144.176,2022-07-08 05:21:53,Ventosanzap,SG
54f6499d-91d0-4938-b3ea-7ea726b97956,28.1.3.73,2022-04-09 00:55:20,Fixflex,ID
64470c95-4fd3-4968-9564-d5dc0bf62159,57.189.101.46,2022-08-14 15:49:31,,CY
3c722c51-4339-4b63-a5af-9861dfdc45fc,245.119.73.15,2022-02-13 14:45:32,Tresom,VE
611b4e8f-0bf7-42fd-a526-4a80d45351d6,79.231.122.131,2022-07-22 00:04:09,Veribet,CN
fd6b7ccf-ed00-4b47-b62d-297d4605a238,231.101.26.46,2022-11-09 14:09:53,Aerified,CN
dd695370-e5f7-4d84-9d30-bdb59b35cd5a,32.155.174.106,2022-05-02 05:19:43,Bytecard,ID
0b7dc6a9-5b99-4022-ae0a-e9679ba74660,21.78.62.193,2022-11-13 19:47:42,Stringtough,UA
8b272a33-46ca-461f-bb48-5e88df1b96a9,35.172.176.49,2022-07-24 09:59:07,Opela,VN
11aa0d32-e9a7-44ff-9e47-440f14a91a79,161.190.95.100,2021-10-11 01:43:56,Rank,UA
cf175d58-0185-4178-a04c-1e16b53d8905,22.219.140.130,2022-06-18 22:25:41,Stringtough,AM
57017aae-c221-4d14-8011-2bfb714152e1,2.234.236.49,2022-04-26 08:14:47,Redhold,SV
895f3645-0d8a-4cb2-83f7-314da18f2c8f,107.162.5.18,2022-10-28 22:11:47,Hatity,ID
fb6f3785-d407-4ee2-a499-6a51095118a0,15.21.215.63,2022-10-12 06:52:49,Sonsing,CN
ec57733f-26d2-4e6e-b1d9-1a725d45b105,189.66.252.26,2022-06-30 01:14:47,Bamity,PH
d3cfa307-75ef-4281-b63f-3cd83bc62a0c,205.25.152.159,2022-03-12 12:51:06,,SE
e350bd9a-a985-4806-8cd3-7b184a1bc7f1,111.191.229.152,2022-10-22 03:38:12,Hatity,NG
a3fc6c85-0d7b-428d-9696-1c6d4f2c3e30,103.66.6.79,2021-10-15 04:58:49,,PE
5f0538df-c44e-43f2-9cbe-64b7981acaf9,40.0.14.42,2022-04-25 12:11:19,Pannier,PE
6a842f0b-5ac6-4f6f-8508-dc266689d72e,229.1.116.196,2021-12-04 09:07:27,Tampflex,ID
df413457-4745-481b-b094-3d7224f2912a,18.149.168.17,2022-03-01 03:41:14,Treeflex,FR
8d681eeb-5b02-4d7f-af6c-52b4d0cef7b3,47.78.123.3,2022-12-15 20:17:21,Domainer,VE
164d8cda-761f-4831-9a00-63086a7fb438,93.15.189.85,2022-02-26 17:01:25,Tampflex,CZ
0a56df0a-d936-4d18-8adb-5154273bc4d0,83.90.72.248,2022-10-06 10:59:33,Latlux,PH
92e4a750-6d14-411e-ad91-23a3a676b8fa,241.97.232.78,2021-08-26 04:48:04,Ventosanzap,XK
2be839c3-ed3d-4b27-beeb-390417324d26,233.254.224.208,2022-04-17 12:23:20,,SY
47209178-0a8d-45f1-8b92-035cd4f27552,8.31.50.60,2022-07-25 19:25:09,Duobam,PT
a938862a-66e6-4505-85c1-3119dc596547,127.139.14.5,2021-08-27 14:57:58,Bamity,BR
e4a48217-9a1f-4137-bccf-f853cf7851f8,57.145.87.141,2022-03-10 18:21:09,Ventosanzap,PT
e340f672-3c52-4a25-999d-174acdd39f94,92.163.74.82,2022-08-01 20:33:34,Tresom,NO
60320e79-2573-4a6a-a21f-9d1b6e63b65b,252.17.50.30,2022-11-28 17:47:31,Tres-Zap,CZ
46cd1033-b294-485d-b719-47d2ed538325,55.60.131.167,2022-12-07 07:21:22,Alphazap,ID
3f464334-a53b-4c3f-bbea-f4e4579254f8,19.146.106.248,2021-10-20 22:28:32,Fix San,PT
8ece27ef-dcda-4132-a914-5c1533f6a05b,194.222.246.134,2022-10-06 16:36:42,,CN
209225ec-8d4b-4156-a82b-0a98c05176a7,101.155.84.234,2021-12-07 13:17:03,Span,FR
0293e78f-b6b7-4de0-a396-1e6177cacdf6,191.201.68.222,2022-12-22 17:38:56,Biodex,US
2a81f333-9f9e-45a7-9092-a7a28ee14e13,243.106.18.235,2022-06-28 08:22:58,Matsoft,HU
d1be94c5-f743-48e7-b510-bd17968929ed,67.109.149.104,2022-02-14 16:49:58,Andalax,ID
ecea5e68-d0e9-493d-a8ea-1f65d2f32425,0.96.71.225,2021-11-12 18:32:22,Opela,TZ
081afb7b-8763-416c-950c-5ae6456ddc59,99.186.46.54,2022-11-12 00:49:31,Job,LV
c0ab17d9-7af1-4064-b807-0107d9cc35d7,51.177.34.27,2022-05-05 01:55:58,It,GR
6629b435-00c0-426e-8589-501a0fc3238b,140.120.247.32,2022-10-06 03:14:19,Fintone,MA
cb7250a4-8080-4427-b4aa-f20aa1386a94,57.83.181.119,2022-05-26 22:45:25,Subin,CA
878ea1b6-3a62-458e-b7ea-ee2fec11b370,230.140.92.139,2022-11-02 05:55:38,Stim,ML
bbd34062-9775-43ec-bd26-27804fc7820a,77.14.116.168,2022-03-10 16:01:35,,PL
c5aa05f5-80d5-4f2e-9ff1-c707bbc917c0,118.86.45.22,2022-04-22 12:12:09,Quo Lux,CZ
d72447a0-d150-4686-871a-dd7da3ebff13,183.149.157.172,2022-03-04 21:32:38,Bitwolf,CN
ca86e5a8-ec0a-4500-b28f-3372a43f9887,124.217.101.51,2021-10-30 09:33:30,Y-Solowarm,PA
ea9931ac-3d33-4015-8a4d-746bbe3a49b1,250.103.154.243,2021-11-27 03:23:24,Gembucket,PL
28f2840b-6660-476d-bd11-77d51d6189a1,2.254.55.208,2021-08-25 20:20:53,Tin,NG
e20522c3-0161-4a44-bda4-84bf2063d1eb,29.128.167.181,2022-03-22 13:19:53,Mat Lam Tam,PL
53135693-3494-4b76-acdd-3c3ce1567b44,124.106.102.196,2022-10-23 00:29:24,Daltfresh,PH
44647c52-c4e8-43d2-9602-8b3394999ab7,182.32.56.111,2022-01-03 18:08:25,Zathin,BR
e5f42ac5-0988-4f84-81ab-e92c28fb5635,100.56.94.71,2021-10-24 15:39:43,Regrant,RU
1717ced4-9852-4eeb-8bb0-bad2bb14c458,72.155.134.19,2022-10-29 12:37:48,Asoka,UG
93695276-0a17-4bba-ba1a-c048ed1616f5,250.51.178.205,2022-04-30 12:36:07,Matsoft,NG
ec568d07-01ec-489c-b73a-0841d54eb225,155.195.253.233,2022-01-10 04:58:31,Kanlam,PH
6fb199ab-3050-4339-bf9b-d3db70b9c914,245.125.203.180,2022-10-06 06:05:19,Veribet,GR
37a03f61-e39f-49cf-b155-7c31ead13851,133.254.230.201,2022-12-26 21:01:38,Kanlam,BR
290cf594-3302-421e-b704-11bace97491c,176.84.108.89,2022-05-07 19:19:27,Cardguard,AZ
7fe80cc9-a3db-46f5-938a-5ba3517b5bc6,14.217.79.48,2022-08-04 17:57:06,Bitwolf,SE
b5e0964f-0960-4bce-aaf8-676c459fa928,207.86.120.83,2022-02-01 20:45:18,Redhold,UG
fe8c8e7f-4854-4d56-8e40-5e81e674c20e,103.48.218.18,2022-02-25 12:33:53,,PH
82f855bf-bca6-4e9f-9cf6-e9ec035bc3b4,18.84.187.153,2022-08-18 01:44:47,Rank,JP
a5c35299-62be-46f2-8214-a226ff99ef34,165.161.104.72,2022-04-25 00:20:27,Redhold,CN
34e191e1-7957-4811-b35c-4b70ab67a452,164.198.68.88,2022-12-14 05:11:35,Transcof,BF
9a1a6b18-e264-4049-b704-22555400786f,130.112.92.181,2022-12-15 08:10:21,Cardguard,CN
2b7dc47a-37bf-47a4-8490-e949c88be846,176.234.155.186,2022-12-18 10:12:36,Asoka,CN
fd36c41c-640a-4e01-b439-7ee015024a38,250.85.194.185,2021-11-04 06:48:04,Quo Lux,RU
bc2813d1-07dc-442a-bb12-7487d152478b,104.72.85.13,2021-11-23 07:02:41,Cardguard,TZ
a7c91e3f-17cb-4744-9ae4-0ad018a51026,214.183.137.228,2022-01-04 05:55:46,Andalax,AR
0c6aca13-51ff-499a-a9c3-580d83195898,167.148.150.71,2022-02-16 22:54:43,Alphazap,RU
6469e776-9f99-43c8-adc3-a2ca60630ecf,122.136.205.185,2021-10-13 18:44:52,Tres-Zap,ID
2d7b1d35-e322-43c7-b24b-b28d420e4c18,97.6.143.80,2022-02-09 12:28:46,Fintone,FR
691d4937-b9cf-4d6d-a340-18585d74cc9a,20.8.21.8,2022-10-22 02:58:25,It,CN
45b88206-15ed-4e47-8f2e-8fc1f441c8f2,240.24.195.140,2022-01-15 03:10:38,Zamit,ID
6c8f1bf2-a372-4857-95f0-d0db3acb99db,41.86.73.203,2022-08-07 23:49:00,Opela,CN
54f1467d-0882-4ca6-b509-a2e3437c9eea,110.25.183.116,2022-01-28 19:47:06,Bigtax,BR
a2cf45a8-867b-427d-a8f6-b920c3d82a35,2.46.166.120,2022-06-24 22:11:24,Wrapsafe,RU
3bb2687c-2400-4df7-8c54-4e4e4ce184f4,198.146.78.107,2022-08-22 11:38:20,Voltsillam,GM
bb66887a-3643-43fc-83bd-71aa9af5d80c,205.234.241.98,2021-12-25 12:33:29,Overhold,ZA
0043ae3b-ad38-4cfb-b5b0-436f85609270,89.140.151.102,2022-07-03 11:59:46,Fix San,BW
1c51b9f7-382c-402c-8350-c9bc97c18fb1,87.84.146.241,2022-06-30 05:15:35,Hatity,ID
6293cef2-9bc3-46fe-a41b-0fe42fcd067a,92.68.213.57,2021-09-29 03:49:30,Rank,GA
1d302f4b-bd41-4230-b453-d62af30cc7d2,87.1.30.240,2022-02-03 22:52:10,Domainer,ID
cc955713-6f9f-42b4-99e6-e9283402e403,170.247.72.7,2021-11-03 20:37:22,Mat Lam Tam,NI
43184302-276c-49ab-a073-8090e82fd6f5,14.148.232.105,2022-08-01 22:50:36,Lotstring,SO
e7d3a29b-c7d6-41bf-83fd-4ef116f4bd72,80.117.170.202,2022-10-25 03:56:05,Tin,NG
7947fded-2070-4023-8acc-6cf3bebb31ce,148.90.47.98,2022-07-12 18:02:49,Job,CN
95b67496-f41b-487d-be8c-747535cf4179,238.23.182.216,2022-08-08 12:35:00,Viva,MN
c2ce45de-c50f-4831-b86a-df551d477003,170.61.90.124,2022-10-17 18:20:41,Pannier,PL
836a51b0-1915-409b-b676-e906372866d5,111.200.232.41,2022-12-11 15:32:09,Lotstring,PT
5d5280c2-a096-4e81-830c-d1f1acb27aac,193.206.19.126,2022-11-27 10:22:36,Stronghold,TG
337d66f5-f2e5-4d2f-9efa-93f2d148d011,112.239.178.135,2021-10-27 02:01:09,Tres-Zap,CN
965e5492-dc55-42ad-b0e9-04f67db0f023,44.136.201.144,2022-04-01 05:55:35,Overhold,PT
28f9f4c1-048d-476d-b7fa-f1c38f0f53e9,144.239.229.191,2022-01-18 15:59:42,Stringtough,AL
e16dabe7-e22b-4c44-bde7-ffc60b7f38e8,8.137.102.107,2022-04-28 01:15:43,Greenlam,CN
5ee2134a-cb7d-4458-9b0c-6a01721447c7,15.37.120.175,2022-05-13 04:35:01,It,AF
2e8d8dc1-fd55-4ecc-97e8-3738b9135fb7,27.47.236.143,2022-12-08 19:17:21,Bytecard,RU
7292326e-4e58-4e7a-b098-91ab6f6fc24f,118.196.200.5,2021-11-26 05:34:22,Regrant,CN
dde95008-b91c-4e47-b14d-d838d2c79b7c,180.203.90.158,2022-09-10 07:27:30,Konklab,LK
5aac072a-3d8a-4d53-9116-2a144b1d0bf1,96.77.201.47,2022-10-22 01:20:10,Cardify,RU
d09b5f89-ccf2-4375-8fd7-915cb8befdb3,122.249.21.143,2022-06-18 05:12:45,Pannier,PH
2b08adcd-29a0-4c30-b1a8-b2413485d906,17.88.100.211,2022-01-14 05:35:49,Biodex,VE
f350eb77-a85e-4583-90bf-dca2f83760a5,122.209.247.4,2022-08-07 09:03:10,Ronstring,PY
5be560f3-28d6-46ed-a7e2-000df01270dc,181.144.129.219,2022-02-08 23:23:05,Fintone,MX
96675eaa-ee1f-4219-befd-fe542b551d9b,201.231.186.103,2022-11-03 21:29:01,Treeflex,PE
3b62495d-d3e2-4d55-a51b-e5d1b1531040,145.105.51.163,2022-05-18 12:18:54,,PH
22db1157-62a5-4245-b2e1-bee7cff116b0,7.31.107.6,2022-11-16 11:06:14,Bitwolf,PL
a862930a-dc92-45f5-89fc-465b9be6068f,134.224.213.213,2022-06-06 10:18:15,Bitchip,PL
ec251d7c-f0a9-4119-bf50-47315b74a690,195.179.53.160,2022-10-01 06:23:11,Otcom,PL
50ad8bf3-99e0-4779-b837-2c63afd6867a,254.243.19.233,2022-03-03 09:16:05,Tampflex,IT
681e1d1f-64af-424a-8d8f-d95822b4e6c3,103.6.8.88,2021-12-21 20:59:57,Pannier,CN
da0eea29-9e28-44e4-9d4f-eac5b86d5d2a,229.20.7.24,2022-08-24 03:48:10,Cardguard,IT
923d73b6-6130-466b-87be-d58a3e30e625,11.214.163.185,2021-10-09 01:18:56,Zontrax,MX
dcd29810-79b2-494c-b87f-c025b4861a82,203.37.196.152,2022-12-15 06:55:56,Span,ID
df6351d0-3262-4c73-915c-d2a77f325f3a,95.122.163.235,2022-11-08 22:34:36,Daltfresh,RU
e3effb8c-f125-4f71-b878-e6ab8a47a3c3,40.66.88.42,2022-09-03 05:09:38,,GT
56b379a9-1bbb-4e24-b431-d18d0ca8ed36,51.119.148.103,2022-08-27 13:33:03,Bigtax,BG
ae73a139-1cf0-49d2-897c-55f6851fc919,155.179.206.51,2021-09-16 16:11:45,,PH
35321ce8-99b5-4033-be4b-844794f91df3,242.143.150.93,2021-11-13 00:43:02,,CN
9939ce4b-da96-404b-8e69-f55eeb5d2c95,253.150.105.90,2021-09-11 10:00:40,Overhold,PS
8f4b244c-111b-41d5-acdc-029ecbb0b4bc,5.194.66.34,2022-08-24 23:34:44,Bitwolf,AR
08ce9043-2fe1-4705-b637-f717c7ed020d,154.157.144.13,2021-11-15 21:41:24,Treeflex,EG
dd26bab2-135c-49cd-9752-5f9a8d6bc68b,111.184.176.135,2022-11-09 11:35:49,,FR
462ba86c-0c19-4b4f-ac45-a4088e846bf0,29.93.180.89,2021-09-09 13:33:49,Voyatouch,ML
a8639b19-c0b3-4baa-bb41-ae0a7d292051,106.196.227.207,2021-12-17 11:28:35,Fix San,AU
19e9ce92-c82d-4ceb-ba29-6069e853c6bd,160.129.65.90,2022-12-02 19:49:29,Tampflex,CZ
31aab22c-ea39-4590-8107-abe2b6c72dca,31.119.57.249,2021-11-02 15:32:02,Kanlam,FR
a42bcebe-f462-42b1-b920-a1a083879b78,101.134.199.250,2022-02-03 13:55:42,Cardguard,UA
731527f6-2fac-4ae7-bbf6-ea4f574cf035,251.163.105.161,2022-12-25 01:37:22,Stronghold,ID
77e861b9-0cde-4b5f-9b24-880f81922f69,242.125.236.150,2022-03-05 10:13:39,Latlux,CN
5a3ab844-be8f-4a26-bca2-86b3545f9555,138.99.173.57,2022-11-12 14:37:17,Keylex,RS
70f75d0f-3bef-4f54-a17b-e2826fd0663d,94.23.198.38,2022-02-24 21:03:36,Veribet,TH
12645c5c-887e-43bc-9da2-3afa2aa6449a,33.172.179.97,2022-06-17 07:23:34,Andalax,TH
068d286f-7823-4d49-9fec-4c2d430b0a03,41.112.21.215,2022-02-16 08:40:32,,CZ
6ea8e6b7-f195-4463-85d1-7c7f149b5ca0,234.46.40.85,2022-03-01 01:41:25,Stronghold,PH
c39ec5ee-47cb-4c10-8261-54aeeef08579,79.78.147.188,2022-07-21 12:20:03,Hatity,ID
9047528a-ac95-4d77-9a1e-b59036621e90,165.134.48.215,2021-10-15 13:50:05,Sonsing,FI
c89a2fc2-075b-4334-a758-6207ff8a6511,33.32.9.120,2021-09-23 23:51:46,Redhold,CZ
c869e058-2bca-45e9-b13c-9efb84eb9c6c,188.120.156.61,2022-08-03 12:33:22,Konklab,PH
ccf9d69e-2714-4d98-9370-b0262e2f48a6,107.66.168.234,2022-08-28 16:16:31,Tresom,CN
3c337a26-62dd-4812-a87b-835f8472a979,110.175.1.199,2021-09-22 14:14:37,Redhold,ZM
b1ed005f-b771-4d64-a8f2-4b5c97b83487,41.254.224.35,2021-08-27 08:46:55,Treeflex,CZ
f9d727ce-fe66-472a-933d-666fe46865ab,230.39.172.130,2022-12-16 06:53:51,Mat Lam Tam,TD
17a1d6ac-3e65-4489-9dca-e44f76bdb55f,119.41.98.229,2022-07-12 00:39:59,Subin,SE
be2005d6-8ad4-47a9-a192-294cb7b94069,41.90.249.233,2022-04-25 01:14:45,Subin,CN
99afd000-b667-4357-b231-8dd7cf785a2f,147.33.251.84,2022-11-26 21:17:54,Stringtough,PH
47b41de5-7f84-45ed-9b6b-f5ce80abbd50,156.48.100.226,2022-03-23 14:44:49,Sub-Ex,CN
26768a0b-02e9-4fcd-bf27-b6845aea841b,245.224.155.203,2021-09-16 11:18:52,Holdlamis,CN
7d3254e6-013b-43cc-96e8-2ab44ba1059b,200.31.228.145,2022-05-05 23:42:23,Lotstring,PL
d4ea59b3-ec5e-44ab-9302-aa4a05f365ec,8.217.90.70,2022-01-06 09:48:15,Stim,BY
5c2fe941-49f8-4d5d-b062-bb625b346a96,62.155.56.151,2022-07-13 18:08:26,Bitchip,CZ
0d3ae19c-9488-4afe-b8a4-f404e69fc40e,251.204.161.21,2021-10-10 16:08:55,Voltsillam,PH
c85d710c-d2ab-42d0-940d-357bdc65b8dd,84.57.229.101,2022-10-18 14:27:59,Ventosanzap,CN
defcb86d-bba4-4b3f-b5a0-19449131f913,15.11.183.83,2022-07-20 22:19:26,Stim,VN
01d7fb81-21d1-4c03-a3fb-798a677fb887,21.235.40.109,2022-07-04 07:14:57,Overhold,PH
8a81542a-34e8-4703-a090-a438f33bf5b6,35.147.90.29,2022-03-30 14:18:03,Opela,ID
cd5654e7-7626-42fa-8fe4-69f6cd98a2fb,228.34.23.1,2022-12-17 06:13:49,Rank,CO
695f09a3-7949-4577-9eff-329c6cfdb292,86.203.63.105,2021-12-06 01:10:44,Zaam-Dox,SE
7dc801b3-f8fb-469f-810f-ecf192d76dd7,131.20.132.90,2022-10-31 04:15:26,Cardguard,AM
7513fa12-f892-4259-a195-ffacc1425f9c,164.238.221.185,2021-11-14 20:14:05,Voyatouch,FI
6a277058-ffc3-4cff-9dde-49ba5757b268,107.16.24.53,2022-11-12 17:33:45,Rank,ID
619c3d79-d3b3-4257-9a73-a2be600e9774,132.46.159.133,2022-10-02 23:26:10,Zoolab,RU
9499ff68-d66c-4099-8a4b-1106b29f4ce7,168.184.234.92,2022-09-12 04:25:35,Kanlam,CN
dbcb4c4d-c599-406e-9d03-07ab82ae9e8a,196.134.108.240,2022-06-29 20:22:46,Rank,ME
039dccc9-87dd-4bd5-a9ed-9a9d0586ee29,184.140.223.20,2021-09-07 05:35:34,Toughjoyfax,ID
7ac2c5f5-3da7-4b66-bc53-16cc4544b277,231.181.144.34,2021-10-23 13:21:22,Regrant,CN
48763675-3b0e-4cac-87f6-f8779845a923,107.45.250.235,2021-11-18 01:57:05,Tampflex,FR
dfe72220-b5fe-4768-8f22-758b4735aaa0,146.165.18.173,2021-08-25 23:00:56,Quo Lux,UY
12fb3241-928e-49d6-bc7c-9b3b38dd8332,74.115.112.97,2021-09-15 06:24:33,Wrapsafe,US
24d8f23f-70a4-4483-8a57-60e7e589fca2,113.54.197.114,2021-10-11 13:23:28,Ronstring,CU
a931b789-9775-467b-97da-485816952179,169.194.121.62,2021-09-21 05:50:32,,FI
bac541f0-8876-4181-8356-117ae02e4e73,124.6.1.235,2022-04-07 03:09:17,Y-Solowarm,GR
381bb411-ad0a-4fb5-af18-aabaa43fe8ed,3.38.193.119,2021-11-06 18:24:02,,LK
08536649-97c3-4318-8c6f-b8e8531f7428,157.175.252.127,2022-06-25 12:29:58,Ventosanzap,UY
2cbb125e-29f7-42f9-89bf-a75753c5000e,58.157.142.107,2022-08-11 19:27:01,Gembucket,AR
88cdd48d-40c1-409e-afcd-b5c2ebad75cd,246.168.144.249,2022-04-24 19:53:00,Flowdesk,YE
d3cea725-c438-4e51-868c-c8c7055ddc60,237.183.23.161,2021-11-24 22:33:21,Konklux,IR
addc54b5-3892-4814-96b2-32a04e76f068,128.230.51.41,2022-05-03 19:05:21,Toughjoyfax,BR
61a38dbf-ce7c-43b3-bae4-06e0d67eba69,106.120.203.168,2022-02-23 02:14:14,Hatity,IR
60a9eb07-260d-42bf-aaf0-ebdf620ae336,246.85.48.25,2022-11-29 07:01:02,Voyatouch,ID
5c49c17c-e7bc-479b-b21c-193793dae09d,221.17.79.121,2021-09-22 20:10:35,Overhold,FR
dc6613df-d9a9-4dd1-9ab3-e901de1b4474,198.6.90.32,2021-12-05 17:33:40,Alpha,RU
ad949b6b-07d0-4134-8f0a-39897b47a748,205.51.27.161,2021-10-07 16:51:56,Trippledex,SE
877a7e3f-6f0f-46a1-8ebf-66941fe1c3bb,246.194.9.22,2022-02-05 01:00:53,Subin,CZ
23c3e99f-0725-459b-8d2f-4c735176f648,117.62.86.227,2022-03-04 21:10:27,Lotstring,PH
c02fb953-b79a-4a2a-a298-92a2fb6b88ed,231.81.231.164,2021-12-30 12:47:42,Cardify,CN
05f2ab44-a0ff-43fe-b4f7-381022722560,239.98.9.110,2022-08-19 02:49:49,Sonsing,CN
ca6af8cd-eab7-4374-a2f1-87ca7c1376f9,129.229.90.151,2022-01-27 23:50:43,Prodder,EC
dad71c10-bba8-4795-8db8-a75e1eac94e3,216.12.177.226,2021-09-02 01:27:35,Home Ing,ID
179cf54d-a9db-4d74-8cec-af0b6679c82e,155.110.39.148,2022-08-10 17:28:11,Transcof,CN
c35dfae2-69ce-4c00-9511-09a24d24e7d2,57.206.158.136,2022-06-12 15:16:04,Sub-Ex,JP
3be8bb48-034a-4b26-841d-74848055fac2,170.182.212.170,2022-12-08 16:59:30,Zaam-Dox,BZ
e6659568-48a2-46d4-aa05-2081742ed46b,177.45.231.252,2022-06-08 19:28:43,Home Ing,ZA
f980fa83-8a50-4595-af0b-72d18b7c3c64,169.9.33.157,2022-07-29 02:36:25,Stim,CA
8189ddd6-89d3-4838-9287-5f21e22c784b,20.237.201.92,2022-10-22 21:41:50,Stim,RU
6fbf49bc-bf50-4f92-a646-4693fb6a7182,79.39.168.201,2022-02-17 04:23:47,Sonsing,ID
92ac795d-1b67-4859-b40f-7bdf39b51e73,4.194.78.129,2021-12-25 04:29:58,Bitchip,CN
54ff24ae-650f-4a6d-a979-8071a5f9b1a9,29.234.177.3,2021-09-30 23:41:04,Y-Solowarm,RU
8ae0f606-6ad4-4899-93c1-510b420b22c8,191.163.47.81,2022-11-12 20:49:43,Keylex,GB
f85c14a4-d6f1-45be-affc-3bf845dffbc9,161.220.32.147,2022-05-16 05:08:01,Ronstring,ID
f496b7c5-68de-485b-bbad-ea8bf99613dc,113.82.132.203,2022-04-20 03:53:55,Mat Lam Tam,MY
b4fae191-838f-4c87-b1ba-51f6be501df1,67.60.244.88,2021-12-15 11:07:34,Hatity,CN
9c238ea0-46f2-480b-be7b-5db88c1f311a,220.235.241.109,2022-07-18 08:49:53,Zontrax,PL
0e67d98a-bfef-4a92-87d1-399779550449,99.108.56.159,2022-06-18 21:11:31,Y-Solowarm,PL
d9344209-631a-4263-a868-c141852a105a,237.2.94.203,2022-08-23 01:16:19,Ventosanzap,PT
3eceaf4a-6bcb-4c99-9dee-19dad5514423,53.68.2.167,2022-11-24 07:33:38,Vagram,CN
8b72f876-db3a-4e6c-b1c4-acbd9aa2eb1d,227.220.8.219,2022-08-06 15:37:55,Holdlamis,ID
c5c7a9db-984d-4653-a85e-2d207c6a6d49,229.165.193.178,2022-05-24 22:40:11,Wrapsafe,CN
da699763-1b5d-413e-a46d-3796206248c5,180.107.126.183,2022-05-28 16:14:03,Aerified,CN
7df4b3d5-f273-49ab-9f71-aca167a29cef,186.134.87.237,2022-02-20 11:21:54,Tempsoft,NI
f83b6d63-adf1-4a5e-a6ab-eaf8d4a2f8d7,247.164.78.44,2021-12-18 12:01:02,Bamity,PL
8a3291db-5c25-4118-ac2e-9df0fb9ef757,37.230.86.120,2021-09-21 12:08:13,Temp,US
c2e250b0-ebf3-4629-ac01-14caa47b8fa3,112.85.80.254,2021-10-22 14:13:38,Tresom,HT
4e4e742e-25d3-4a78-9c42-fba5cdb920d0,199.52.8.126,2022-12-10 05:45:58,Latlux,PT
e1ccf907-439c-4530-8363-ee80569a6393,214.212.21.36,2022-09-23 09:36:33,Pannier,PH
bd2dcc12-bfc0-4861-95f1-1ba260de0863,115.243.238.158,2022-07-11 07:32:04,,RU
f77eb072-517a-4492-a8fe-6e91a5b8773d,247.185.87.178,2022-05-04 15:46:35,Y-Solowarm,US
978efd26-842b-4299-940c-4117fd3ac6d9,86.183.64.8,2022-09-19 00:55:30,Fixflex,JP
b9a34691-ba81-45b2-bd0a-407306eda251,40.246.143.102,2021-10-20 01:04:20,Bamity,EG
55c3d7d1-2ed1-4da2-bc54-813e313d0c1d,143.151.175.193,2022-02-26 18:57:58,Lotlux,PH
aa6b80f2-2868-454a-b30e-1ff2146b5cfe,193.84.103.87,2022-09-20 00:20:34,Tres-Zap,GR
374c808c-9716-4a38-b9df-a313c239dd2b,140.36.209.28,2022-12-01 13:39:38,,PT
4ec47916-8be4-4e62-8ae0-727560db9413,203.224.137.216,2022-07-10 05:06:18,Zoolab,PH
b8cd5008-8d9c-4f2f-8047-418b96b12f29,98.204.157.125,2022-12-23 07:21:37,Konklux,PT
28a7444c-da4b-4bfe-8c0d-ff9e8bd514d7,142.75.156.21,2021-12-19 16:07:25,Sub-Ex,NC
9a71c9d9-b784-40c0-896a-8d6a4fd16eba,13.204.107.191,2022-05-05 01:09:19,Latlux,CN
d4661d84-167a-4124-a9c9-b0c779ad2386,113.67.32.210,2022-08-05 01:15:07,Prodder,CN
2ac99c26-c529-4444-af05-10a55324da2d,8.139.118.58,2022-07-17 00:54:46,Fintone,FR
302b8fe2-f75b-45ea-82ba-05041a6c3b1b,167.198.130.163,2022-11-24 12:05:01,Andalax,ID
a0fc5533-47fc-4566-8b0d-410501e075d4,210.104.249.173,2022-09-06 16:18:43,Hatity,PH
8a82473d-8b7f-48ed-bb3e-a401b3c11a02,246.180.10.199,2021-10-19 23:42:00,Lotlux,RU
f49950ed-d718-44b7-95d7-9f3e87435d2f,240.92.129.85,2022-02-09 08:55:21,Gembucket,PA
75f4ec55-4eed-4183-86ba-462705743eca,148.22.21.44,2021-10-29 08:44:00,Asoka,CO
491c73f2-1b88-4fc6-8b8c-cbfa610a8572,4.87.94.100,2022-08-03 09:59:04,Cookley,MX
f1e90af3-f920-4dc2-b51e-88a422aac0f4,18.24.111.141,2022-01-21 16:05:18,Bigtax,ZA
8ee8f0fe-9179-4407-b51f-ffd16e431aeb,255.81.222.148,2021-12-06 21:12:54,Domainer,PL
9013b2d2-2d88-4766-808b-338fbc07c7b7,94.228.202.162,2022-10-17 14:08:10,Tin,CN
fe2bfa96-b0b8-4801-b98e-a3185a784ab3,225.224.58.221,2022-06-05 17:11:49,Span,CN
aec04865-9464-4e58-b24f-f2a0137b0c47,79.239.240.156,2022-08-09 22:48:26,Rank,SE
87a9677b-bfab-4ba8-9026-b78e2f8cf9c1,85.227.93.31,2022-07-14 20:07:35,Tampflex,PH
5aa01102-84c2-4e24-95c2-f94bd5f2a850,199.74.125.94,2022-04-20 14:24:41,Job,PL
66fd7760-0d3e-469c-b57f-4ac4a7dedb25,66.128.227.219,2022-04-07 23:39:04,Latlux,NP
96083834-f33f-48eb-af90-3e7177e486c1,33.58.197.154,2021-09-25 18:58:05,Fix San,CN
4e167e3f-1dac-41b5-b790-865fe6e8c078,127.129.74.106,2021-11-23 18:08:10,Lotstring,AF
89912cde-a899-4b4d-8bbb-36b46fb7b675,29.155.229.55,2022-02-01 21:20:42,Aerified,FR
cfe994f7-e953-4429-96f2-73b79cd62a50,100.247.130.218,2022-01-05 14:19:46,Namfix,PT
fba97cd2-59e3-4e4f-966e-9366d5368796,225.27.136.225,2022-11-04 18:15:41,Otcom,AR
c33690c0-0429-4709-bd85-11d59738ef3e,98.243.86.21,2022-09-02 01:24:03,Bamity,UA
1d2a6a96-da99-4141-aa21-440773eebef1,78.255.224.107,2022-05-23 00:59:22,Latlux,PT
ffb17b7c-7dbd-4872-a333-42c194ccd1d2,63.26.130.74,2022-12-07 04:49:49,Rank,FR
fa29be05-708e-4ebe-bc32-8b25ec09e472,129.165.41.90,2022-11-26 12:04:38,Fix San,CN
9593f60d-57e4-4216-91a5-65c13bf6ee28,118.205.108.177,2022-12-11 08:57:41,Flexidy,TH
dd6d1e52-76e8-46b1-9fc2-db4650dca3b0,172.63.217.45,2021-09-09 18:10:53,Konklux,AF
598764d0-9b16-4ab8-a8aa-1b5e6fbcbc0b,201.31.30.190,2022-12-21 23:10:39,Home Ing,CN
54b285c0-1ea8-4abd-b6ed-cb5cbcde639d,201.180.122.250,2022-06-30 21:53:37,Job,TZ
a9893671-c0fa-46bd-a25f-d3b2da683be7,199.100.236.57,2022-02-10 00:22:51,Tresom,ID
8ab2bc35-a399-4b5a-8e00-10423aed605e,157.192.243.227,2022-09-22 03:03:51,Zontrax,UA
95c90b67-3dde-4353-a979-8b2b6b3cb6c3,193.55.142.149,2022-11-29 12:11:38,Tres-Zap,CN
655ff5ca-86af-4a9b-b4f7-605365c36023,181.134.250.73,2021-11-24 00:13:19,Kanlam,CN
361726bd-1c5f-4c0a-aa21-012e2d485abd,217.247.13.215,2022-05-03 17:45:57,Biodex,MG
9fd1da40-c186-4450-8468-5d2b44eabd9e,225.12.179.183,2022-09-24 10:30:20,Fixflex,AR
9ab814af-d3a8-4dc3-8308-ffabe61d32ff,249.234.158.166,2022-04-16 01:47:13,Tin,PH
cba9cc60-14d4-453a-bc65-f65bd2682828,98.176.231.124,2021-12-08 07:00:08,Cardify,PE
c1843061-0215-4112-87c2-9f002cd4661b,253.249.244.74,2022-07-31 07:39:55,Opela,UA
9f557f87-4828-435e-a4b2-3beda4092711,181.84.240.101,2022-05-28 17:16:43,Subin,NG
bf556884-e79d-4d30-abcf-21aaac93092c,96.59.30.97,2022-12-06 01:03:45,Treeflex,ID
36033919-afe5-4f24-a3af-148bf4a5a87d,94.116.117.179,2022-04-07 08:21:06,Regrant,TH
937eb438-eeb4-4f35-af01-43ad7136045f,5.41.16.172,2022-07-05 18:00:18,Otcom,AR
7bc12512-c426-4a40-80a0-b2ea1c404faa,204.194.205.50,2022-01-27 05:03:35,Domainer,ID
3a724196-3a0f-457e-ae87-5c7f224114cc,45.215.21.42,2021-11-28 09:40:38,Transcof,CN
57c138a4-a8cf-4564-92ac-64f88d4708db,158.206.22.234,2022-11-20 03:13:19,,PH
8c9094dd-5646-4b8c-8399-251b5da3c9d2,252.87.92.207,2022-02-17 15:41:13,,RU
30545b32-a331-425c-baf9-d9d5e6c754a7,225.201.174.156,2021-10-27 05:28:16,Bamity,US
b59cdd63-8cc6-4a37-bbff-8d363543d9ee,45.133.245.14,2021-11-04 15:48:44,Stringtough,ID
a25bad65-8364-415e-97ab-2ed788520515,55.97.36.28,2021-09-29 16:30:56,Bigtax,CN
3aa7007e-77bc-4afa-a24c-731c5ea0a840,33.124.29.216,2022-09-09 12:41:13,Zathin,PL
dfe01409-57c3-48e5-a235-ea92e84894cb,155.207.96.87,2022-09-24 03:48:03,Solarbreeze,PH
ab827cb5-4c59-4771-bba5-e108ae3436bc,108.73.104.20,2021-12-27 19:19:15,Domainer,NG
af1ff22a-f7e4-4004-b02d-1ea24f80368e,223.142.202.18,2022-01-25 09:56:23,Quo Lux,PL
d6fa8c54-32ba-4771-a14e-be4fd12d45a3,90.235.32.138,2022-08-09 05:54:52,Duobam,ID
074646c1-26b6-42e7-bf3e-8a903f1199c4,87.205.217.50,2022-05-24 13:35:06,Vagram,PL
bceee70c-ad7b-4c94-b4b6-b02e4f0b7794,211.53.184.35,2021-08-29 10:04:41,Ronstring,CN
b0f1ee7e-99c3-4e95-8e61-f33482923731,175.34.85.214,2021-12-11 18:24:35,Bitchip,ID
38b622fd-b931-4401-b4ca-7c87aaeb2bef,161.223.227.167,2022-03-20 19:56:15,Span,IR
b3e72a7c-674f-4add-a4cd-dacf4014b880,128.63.180.140,2022-04-18 03:21:29,Namfix,CN
2c0cf084-40a2-4b57-aa2d-34bd032c9d79,149.17.210.41,2022-08-29 04:30:07,Bitchip,BD
9314820f-edf2-41b1-9ead-bed4831d112a,83.151.159.218,2022-10-14 18:36:23,,CN
7b3925d2-0c6b-4fd2-8a35-3883f83a9b1a,100.249.240.74,2021-09-04 02:18:39,Y-Solowarm,MY
aff94bcb-6f75-4fa6-8e25-1f1abf6af5cc,131.185.204.46,2022-11-09 03:04:58,,RU
afe745b9-294d-4deb-b743-080d792a3c46,250.80.129.114,2022-02-17 04:18:16,Fix San,ID
2ab71fd1-3bc2-4366-af2c-c0caeee8e294,163.4.62.107,2022-01-30 22:35:59,It,ID
4c5b5b2c-310f-426f-bdc9-263558507518,154.128.130.140,2022-10-07 19:16:19,Tampflex,MA
55cb2489-f823-4148-8014-a1dd317bf188,215.182.89.154,2022-01-22 01:43:05,Cardify,CN
49111f2d-7956-40e5-b865-02a7beb4a333,56.122.207.252,2022-03-10 00:34:27,Voyatouch,BR
f1db5fac-1a5f-4c38-99e9-add09185f24b,147.73.18.43,2022-08-01 19:14:10,Tin,LV
5fbfe497-8ad5-4b2a-842f-484952d94980,116.2.243.194,2021-09-06 20:59:14,Tres-Zap,MN
566f3e4f-f45f-4207-9ba3-cd9dc37af3fa,1.46.42.151,2021-11-26 15:36:30,Pannier,EG
836c789f-aeac-42cf-a1bd-24cd5a87317e,176.71.119.180,2022-12-03 07:46:22,Zathin,IQ
e97a720d-76c9-4e1b-a607-dfa8d70ca5cf,27.110.49.69,2022-10-13 06:36:37,Voltsillam,RU
2f428e01-dff7-4a77-9bb7-a9388cf1d87b,57.58.20.186,2022-03-22 10:27:08,Y-Solowarm,MY
3142665d-6850-4807-b33b-11802196a10b,29.90.246.69,2021-10-19 07:17:18,Gembucket,PE
bab0d247-f42c-417e-94c2-309553fda004,173.140.39.74,2022-11-27 17:01:04,Cardguard,FR
048a37d0-fb12-4e25-b97b-da14124a5a60,48.144.168.81,2021-09-15 20:38:11,Aerified,CN
60e88669-8e73-4d05-8e7a-5ca18eeaddf6,192.200.108.71,2022-10-02 05:41:49,Domainer,PT
05cda6e1-5d3a-49bd-a28e-1937acd2d190,110.127.102.102,2022-09-13 02:15:36,Zontrax,CN
d344ac7f-62e6-4099-a939-5ef281d4bb22,220.70.17.86,2021-12-05 04:35:52,Andalax,RU
9fb33519-bce6-4797-866f-f985e94f5089,152.190.96.106,2022-01-04 07:21:23,Fintone,PH
84b582b2-2edf-47d6-9684-dee766855ced,32.192.158.247,2022-01-10 20:33:35,Otcom,SE
bcaba56c-a674-4848-a79b-ac1ae8dd5d0e,161.115.178.16,2022-10-04 11:28:03,Transcof,JP
33c591e4-e0bf-46a8-9e3d-345bf592d3e6,72.188.15.91,2022-12-06 20:43:05,Cookley,CN
55edf59b-6a57-4170-bea4-77f663969c32,103.154.80.183,2021-09-29 20:00:24,Sub-Ex,CN
20b5517a-8e5b-4967-9aab-99f48c594107,221.145.83.60,2021-11-18 00:45:24,Voyatouch,BA
09a7bd34-29fc-4873-88d3-94427cbeb88a,21.235.31.188,2021-09-08 09:28:59,Zaam-Dox,YE
dcb1afb3-aa3a-48d1-b060-41a81bee7a65,115.202.158.223,2022-05-24 06:36:28,Otcom,PH
009e9436-6d05-4579-a677-8cffea31f432,230.149.100.50,2022-07-19 06:58:54,Prodder,AR
9e9105b2-eb0c-4bf9-af89-a44c69c47bdd,110.202.106.124,2022-07-06 10:47:08,Daltfresh,PH
9da60bce-ecc7-4d15-86c0-09ff4399effb,151.172.2.89,2022-11-19 19:53:00,Sonsing,CN
5900d7ac-27aa-43d2-8af6-80b219e731a1,236.233.165.10,2022-06-17 20:12:57,Subin,ZA
4c95f0ba-011e-4b2c-adcc-86d4fac0be73,23.225.112.120,2022-06-19 15:05:04,Konklab,SE
cc4330a3-891c-4ffa-a5ad-0455979530e0,73.106.173.95,2022-06-09 13:38:55,Home Ing,AF
e4b9b6a8-80fe-41fa-88c8-4eb9e3649242,5.159.101.201,2022-02-09 15:30:56,Sub-Ex,RS
2bb91c87-62a8-4ae2-bd18-7700f53b4a0b,160.89.126.105,2022-04-28 04:47:24,Lotstring,FR
eaa59432-34c9-4d7c-915b-732d9845acdc,125.89.79.236,2022-09-28 19:34:53,Wrapsafe,RU
9a7383cd-9f87-404e-a6ed-bc3bd616debf,155.73.137.180,2021-11-23 14:08:37,Alphazap,ME
b176192a-d65d-443b-b1cd-e11e750f9130,210.110.22.51,2022-05-30 07:20:13,,IE
3807d1f6-dc37-4804-ae18-63b739a1d950,209.221.239.60,2022-03-02 10:03:36,Greenlam,CD
691d01c5-36b0-409d-bbf5-35377c3dca22,94.57.143.206,2022-12-07 05:02:56,Tempsoft,HR
3932ff32-4bab-4f3d-a913-ac38702f4422,104.240.194.112,2021-08-27 22:09:49,Sonair,ID
c442dd55-3bfc-45ec-81e2-e75e469bffbb,41.8.220.248,2021-12-25 17:58:51,,RU
33ae2af4-6d88-4f36-b94a-5714e7da3d8b,95.250.247.132,2021-12-04 11:17:16,Zaam-Dox,UA
90c838cc-4a72-4d69-9405-bf2795251f26,149.174.37.161,2022-03-23 17:44:58,Domainer,ID
3b67fed6-909b-4dd1-b66a-4babc696c783,114.216.49.203,2022-01-21 03:38:34,,RU
d9146d57-8b52-4407-b20c-579fbfe043ff,220.244.188.172,2022-08-19 21:15:31,Vagram,YE
7bd300f8-0b8a-4b2c-be25-2cfefd12b5bd,31.231.246.71,2021-09-27 22:55:04,Lotstring,LA
056daacb-f54e-4614-96b8-514d74a9b256,248.216.170.15,2022-10-12 15:07:18,Fintone,VN
1bc24604-2531-4221-8c1e-389e057a5e44,231.140.117.107,2022-08-03 23:46:03,Tres-Zap,TH
12974e71-46e8-46d2-b346-76682a2711cd,247.111.177.62,2022-02-16 22:09:29,Latlux,ES
4f594898-d88f-4ff5-a195-73f1a5448314,231.231.240.65,2022-05-27 03:31:03,Bigtax,CO
566ec560-12d4-4676-8c83-693c51d787ec,221.63.128.107,2022-02-07 21:54:55,Duobam,AL
bb713b23-ac96-4fc4-9fcc-641c9be2571e,151.246.138.175,2022-10-24 11:10:19,Matsoft,CO
d606b7d0-fb0f-402c-8b3c-338c4ebcd1e3,145.29.162.215,2022-06-23 17:13:11,Treeflex,CU
ddbab5f3-8e29-40f3-a8ac-4aef43b7493f,64.190.47.82,2022-03-07 09:04:49,Andalax,KP
52b2505f-2ffc-4456-9ace-fa6dfde35cc5,188.75.44.207,2022-10-08 02:07:26,Zontrax,ID
813026d8-72a9-434a-8e65-26238bc8cb69,181.81.245.181,2021-11-19 23:56:23,Zoolab,TH
ca0a281b-d65f-411d-8411-57df111edecd,111.113.180.159,2021-11-03 05:56:38,Pannier,RS
2cf019f9-8a73-45fc-96ac-7ebc009d9b22,52.247.137.120,2022-01-03 05:47:08,Sub-Ex,CR
dd0ec66f-f85b-490d-b619-83ad7bc7e622,65.88.44.165,2021-10-06 14:59:16,Home Ing,TH
24ead6ec-d33f-4f53-9a74-75a897d5b0b4,54.142.90.140,2022-10-27 13:23:05,Lotstring,FR
63215bdd-ef5a-43bf-a050-827d35da89c2,179.179.12.22,2022-09-30 18:19:27,,BR
489af9b1-de12-4724-91b4-85f5ddf31569,162.58.186.4,2022-02-15 18:58:31,Trippledex,IR
9199c345-17a9-4081-b71c-d4e23055180a,51.131.15.124,2022-11-12 19:45:36,Pannier,EC
6c6e04fc-f2fd-4ec0-ba10-3345356ca632,215.186.219.168,2021-09-21 17:06:46,Bigtax,CN
ab596185-0cc3-4c12-9827-0a64ea64a7e3,235.90.160.210,2022-04-24 07:28:14,Wrapsafe,BA
805f978f-bd7f-4773-a95f-ca95736d619e,225.84.149.247,2022-12-06 03:41:57,,ID
f07ddc1b-6ecd-4771-ad3b-464a7a3ac693,7.81.183.235,2022-12-01 22:32:46,Alpha,CN
f8c36f1d-5e5b-40b8-8644-53b7a662b95e,159.132.50.55,2022-01-23 21:37:18,Viva,AF
a96af267-aaf9-4352-8ee4-7e964fa079ba,64.173.80.231,2022-07-12 00:22:42,Zoolab,CN
ded52980-0e05-41f5-857e-bcefc5c3d079,147.138.176.35,2022-05-28 13:58:03,Treeflex,CN
1f70a7f2-8668-436d-a641-7b32b5eabc3a,144.1.249.13,2021-12-09 02:32:47,Alpha,CO
6bf4c925-25d5-4ec9-ae80-3c523b091a09,249.223.249.10,2022-11-23 21:00:34,Prodder,BR
d80ccffe-821f-4fc0-8622-e96aafe8c3c6,196.1.46.166,2022-01-27 07:31:28,Subin,CN
84558912-c00b-4cf5-951b-bbae4b424758,63.200.29.196,2022-01-14 11:32:47,Bigtax,VN
35bab2cd-5cf9-4cc0-93d3-263b8a46b266,224.218.49.224,2021-08-31 14:24:02,Flowdesk,ID
6d20fffc-5f76-4f23-acf8-c33ca05eb1dc,112.191.80.252,2022-03-31 18:09:09,,ZA
7c02037f-c482-4abb-bb3b-18ea79984fcd,7.236.136.147,2021-12-17 07:26:14,Toughjoyfax,CN
abe7da81-9718-4cfd-bd64-f65fad90d6b8,188.101.226.73,2022-09-23 07:20:08,Temp,US
48a9632d-b77c-43d6-b2da-78c1c58f4eab,162.247.128.43,2021-10-14 22:21:38,Redhold,CN
07f6559d-c678-4be0-ba98-f336a89729ce,66.239.238.242,2022-01-27 05:01:15,Y-Solowarm,AZ
de57d69a-a25f-4fe9-909b-1dc3802a8144,80.244.23.184,2022-07-05 00:09:17,Fix San,CN
6ca48f44-6369-4e72-9a04-d64cf6057291,155.235.221.31,2021-10-25 16:53:41,,CN
bedb7902-c6dd-4a54-9af6-1d7ac7ec46fb,201.251.203.251,2021-12-25 01:18:26,Treeflex,JP
cc4a8314-95e2-4757-b90d-f193766b3eda,213.3.82.241,2022-11-17 14:05:43,Sub-Ex,CA
a9b4ed0b-6aa9-4a7f-a75e-c0492a425e66,144.154.221.87,2021-10-21 19:53:55,Konklab,RU
5daa4b39-3b30-4a25-9d97-107ca0a91ddc,21.99.26.7,2022-09-29 09:15:15,Voltsillam,RU
4b1fc92f-6fdb-4ea1-9f21-1966f298a8ad,152.7.73.246,2021-08-28 13:26:03,Transcof,ZA
9b58192b-2e6e-432e-a63e-b36feb9dc8fa,77.59.45.210,2022-03-29 12:01:15,Sonair,CN
3251b2c7-421b-4649-959e-9e3be769c09a,74.55.58.225,2022-10-26 21:14:00,Tempsoft,CO
8fc6a000-10ef-4a46-bdb3-eb494b165229,22.167.167.156,2022-12-20 11:51:17,Duobam,KZ
b71fb9fc-871a-45b4-adb6-710a1da637bc,27.59.112.101,2021-11-20 23:57:29,Matsoft,ID
a5317e77-4d92-426a-846f-b69c8a5c307c,50.27.228.117,2022-07-19 17:46:37,Konklux,PL
b77b0db1-cf3b-4d40-b781-bbae9f3a0374,125.208.229.194,2022-11-09 16:57:51,Tresom,UA
a69ba819-c69b-4f3e-9920-7f1da389383a,45.18.84.202,2022-11-27 19:55:17,Vagram,AR
243868ce-8544-454b-8f1a-97013977c2ef,7.100.252.13,2022-04-05 19:25:10,Home Ing,PH
6a0eb540-a602-4101-a1ea-ffec90591d28,162.219.35.198,2022-11-17 18:47:09,Hatity,NG
1193b5df-6402-41db-8a90-9f309c9b2dc3,106.4.132.222,2021-11-07 10:33:37,Aerified,ID
9bc79a46-8f64-4bce-85a7-01c9fab1cd31,209.167.5.36,2022-11-15 06:13:24,Zaam-Dox,RU
1a6dc3be-ab31-4777-a736-5d83c656ec3a,0.109.238.243,2022-06-28 14:02:33,Asoka,VN
cafa213d-a9eb-4f0b-b43d-96aeb7add708,12.126.65.163,2022-03-03 18:16:32,Domainer,PL
cf8e1fd8-0317-4486-9151-f38bb2cd7609,3.235.81.194,2021-11-20 18:06:45,Fintone,ID
bdd20786-82d4-44be-b1b8-af832348973d,76.26.198.49,2022-09-21 13:15:18,Cardguard,ZM
caa84a72-23f3-41a0-8bfe-cfbcd0460b10,40.53.174.83,2022-06-25 14:58:22,Wrapsafe,CN
af5e70ef-b901-4a54-8c3e-2dbb654137ab,73.226.199.240,2021-09-08 00:01:40,Keylex,BR
f67b4641-0ddf-4f7a-8aec-e6fc9181f120,173.158.52.170,2022-06-08 18:03:13,Stronghold,JP
ee47e910-7e61-4171-8073-dd2ed684279b,217.76.135.121,2022-10-27 20:05:42,Namfix,ID
ea04c10d-41fa-4638-b87e-0f891dda3085,42.191.179.241,2021-09-22 01:28:31,Bigtax,JP
65bb7686-c04a-44fa-9df6-703f6c4403b1,61.95.45.255,2022-05-14 10:54:35,Cookley,FR
8f02c649-76b2-405f-819a-88a6c997eebe,239.136.80.165,2022-08-28 09:18:08,Cardify,CN
2a87aa37-60e6-4942-96ec-50ddb9a430d5,147.3.195.167,2021-12-08 10:39:07,Bitwolf,ZW
92da3abd-35ca-4ad2-bf43-348046cf902b,194.162.41.134,2021-10-20 15:28:45,,HN
8a1d1330-781b-47fb-9371-f94794b6689c,196.77.255.39,2021-10-14 18:03:36,Konklux,UA
427e21c2-94af-4552-9d0d-a6a554b7806d,71.48.54.2,2021-09-11 07:39:29,Bigtax,RU
a6efd0e7-002b-4b10-906e-28cd6abdca62,209.182.235.149,2022-06-03 06:04:11,Mat Lam Tam,RU
5ff785d1-b532-469c-a360-3983aada7034,60.211.109.107,2022-12-25 15:24:53,Greenlam,RU
65a4de60-52c9-4abc-a1af-4df9f475640b,78.204.127.139,2022-09-04 20:17:04,Temp,GH
634ad174-a536-416f-b2e9-1bfa1cc4793a,8.123.207.37,2022-04-15 06:45:44,Viva,BR
4f42a9bf-3db8-4805-a96f-e61ea8fd8dca,21.16.244.107,2022-10-11 03:42:56,Viva,PT
8801c573-d2ce-4fd8-9035-b8764d3f1e0a,249.128.72.121,2022-09-27 06:08:18,Treeflex,RU
640b961d-43b0-4819-9bd8-e6e57f1fd68d,167.186.56.14,2022-04-17 04:55:12,Biodex,HR
eff03003-d0d6-4db3-80e9-cfedf087d952,189.226.57.42,2022-01-27 00:28:11,Tampflex,BR
cef5fa5d-4944-4636-bc70-2a99b842097f,25.86.109.84,2022-10-13 06:51:24,Fix San,RU
284ff53e-cc53-4803-a221-09a6583d9dad,116.188.216.145,2022-09-12 00:27:55,Tampflex,PT
51baa670-ed6f-4e8a-b917-2a6964b0d646,149.192.81.255,2021-11-18 16:03:38,Bigtax,YE
7f300000-c8b2-472e-9681-0fd3f80d7c05,152.229.41.22,2021-12-12 20:17:46,Solarbreeze,RU
0503c09c-5551-4231-85f2-a9070def4d00,234.58.175.38,2022-05-07 06:20:02,Pannier,CN
c9d67a7a-de2b-49c7-ac9b-b952b672062c,199.122.154.63,2022-07-21 23:58:26,Asoka,PH
3789c991-a71b-4e7d-8c2d-5b9a5ab1d724,122.191.5.179,2022-02-06 13:41:44,Temp,PL
cf2f82d7-2fbf-4dbe-b242-b98d7d6b9d1b,236.129.107.87,2022-12-14 20:30:50,,BR
113c458d-7153-4e68-a478-f297b8a121d5,124.102.51.58,2022-06-25 10:35:18,Greenlam,PL
b6ea866c-6f61-47ad-8028-711663bf9b6e,126.193.35.117,2021-09-30 10:39:08,Alpha,CN
8bd872d0-7409-4002-8913-934538bceaa9,30.24.101.148,2022-05-01 00:41:14,Fintone,CN
e900c12a-4187-4b32-a5ac-7741b9cc1613,22.202.52.157,2022-05-07 17:06:27,Gembucket,ID
0c5a7b5f-b2ae-451e-917f-13811618ff09,24.124.182.148,2022-11-27 01:12:00,Konklux,PT
46c8ddbd-094c-4800-b61f-c83ed7667cdb,101.61.103.66,2021-10-07 21:51:31,Zoolab,ID
d4f82e37-1cd8-462a-adbb-73eb9483926a,242.213.113.23,2022-07-18 19:33:50,,RU
c252856f-53e0-4a2b-82f3-b3d8d25e57a8,120.202.118.68,2021-12-03 15:10:01,Zoolab,CN
d9fc1b26-e708-4be8-9256-4edfaeb02132,211.195.29.72,2021-12-26 12:12:36,Bytecard,RU
0f09c419-ff11-4b9f-b257-79abee0d28a2,35.185.24.193,2022-03-08 06:26:08,Toughjoyfax,PT
5c7a1f9d-624a-46da-9634-53cee605971a,32.185.27.103,2022-12-24 11:09:21,Redhold,BS
26de6775-713f-4456-91c2-c832b5683f27,70.185.240.52,2021-09-09 11:34:35,Lotlux,RU
d5dea2b3-d309-4728-9df1-37735847246c,19.60.204.1,2022-04-12 17:41:38,Sonsing,AR
b9ada61f-5323-4991-9051-baf8e0fd7e8c,219.151.245.162,2021-11-20 18:56:55,Subin,ID
8b43633b-a596-41f8-b170-c3e10001120f,19.107.0.160,2022-03-23 18:56:47,Cardify,HR
a26585ed-c1a2-477b-ad62-8410f232c303,196.99.28.156,2022-11-24 09:18:10,Veribet,PH
7d3fd75a-fc64-4191-8960-99b41d7d7307,165.43.244.21,2022-03-01 02:43:32,Daltfresh,JP
2d277599-1bbd-4ad8-a784-7136cf4e612e,123.230.56.225,2021-11-03 04:18:48,Solarbreeze,PE
f7fa6e30-c9c1-41fd-941c-994592f14198,195.95.254.80,2022-11-10 17:51:18,,PT
4821f756-b9d7-4048-971b-5e98b1f26a5b,89.254.119.154,2022-05-04 17:02:27,Zathin,UA
7382982f-a409-45e8-a2dc-db53b17a1460,112.109.106.47,2022-03-19 01:23:08,Voltsillam,ID
a393fce5-5929-493f-a29e-5b91d28ced4f,239.116.252.154,2022-08-27 14:23:40,Bitchip,PT
2dda3f7c-b98e-4433-a8e2-22c412e4e8de,215.135.91.88,2022-09-28 16:33:33,Vagram,SE
a314d628-e982-4713-9bae-eeaf72f19ce0,141.184.238.29,2022-11-01 00:38:35,Domainer,ID
97ced6c3-a20f-433c-a273-5926455af642,22.113.189.55,2022-10-29 03:35:49,Overhold,US
af41fd12-7d28-42b3-8c0b-3c1e3b177922,132.33.64.246,2021-09-18 12:00:25,Fixflex,PT
fae90613-7174-44cf-b8ba-89bed3f72e80,167.203.97.48,2021-10-11 13:38:04,Daltfresh,CO
bfa27ec5-0767-43ec-949d-99b2df1dfe94,30.245.15.53,2022-09-06 00:19:32,Span,NO
8c4a5e00-2e13-47ef-b6f5-951389dac69f,201.119.103.6,2022-10-27 03:05:35,,SE
2b5bc29f-fd22-4501-8914-2adf146e840c,51.106.145.93,2022-01-11 22:35:02,Flexidy,CN
b296ff7b-b9b3-4d81-92ef-e157c7ec3084,216.101.94.223,2022-06-30 11:28:02,Tampflex,PH
26546387-aaba-4214-ba66-bf7b03d43015,141.251.90.186,2021-09-27 15:52:57,Job,ID
3b39341e-52e8-43ff-819f-34b8d4dab515,173.157.50.45,2021-11-06 06:36:11,Stronghold,CN
f5a704d1-db34-4f51-80f5-5a81db34d2c4,69.194.215.174,2022-11-22 22:25:30,Cardify,PH
840b30d3-9c7c-4027-935e-d787e9ee7f3b,122.195.208.57,2022-10-12 01:41:02,Tampflex,CN
0a99d6aa-f67a-4b2d-a298-2f6e2086d7fc,104.26.79.135,2022-11-18 00:09:33,Vagram,KE
3cfe364c-51b9-43b6-9ac7-b3792a696904,48.23.201.222,2021-12-13 21:15:13,Matsoft,MU
7adfea52-0363-4d8a-81f9-0f2537d38667,215.0.101.167,2022-03-24 03:44:53,,FR
904542e5-7613-45af-967a-8466bdf49291,142.64.65.194,2021-09-16 23:04:31,Tempsoft,RU
e15a8b2e-7028-4e50-b0bb-64b1afbbe341,134.152.237.142,2021-10-17 20:46:14,Redhold,TZ
15058217-656b-4b6f-bf36-6d1cecb592b8,174.212.57.23,2022-04-05 15:51:37,Sonair,RU
817ea248-e0b6-4178-9a18-6179a63b2da4,66.134.241.136,2022-01-21 15:02:38,Subin,PH
3b2cde50-41f7-4e3d-bfaf-c87522ceab0e,229.253.177.161,2022-07-15 22:20:11,Y-Solowarm,AF
997da372-db42-44b1-b61e-e6bf9a48cbfa,0.122.208.206,2022-05-01 07:04:54,Zaam-Dox,ID
8d0a5cb9-42b4-4e14-8d0c-06bf2cbe110a,174.219.219.182,2022-10-05 05:08:38,Tempsoft,PH
94478a8e-33f9-48e4-b8eb-155f6f1a401f,106.73.129.105,2022-06-24 20:52:10,Veribet,CN
3b90c223-1928-463c-8fd9-4b61650b9c2a,220.133.252.134,2022-11-23 16:36:03,Flowdesk,VN
e386ad7b-76fb-4f6f-a84d-0f8d2f26c9e0,190.218.218.66,2021-11-09 04:49:52,Zoolab,CN
a7906b1e-6baa-4491-9011-5569e4935433,109.173.86.182,2021-10-30 00:13:10,Latlux,CN
ef6b83c8-9c56-4635-bb94-1ae4be617798,235.194.127.242,2022-10-28 07:17:25,Sub-Ex,CN
8658256b-a9b7-4d4d-8ccc-4ab2fc4e9bd7,242.79.59.241,2022-09-19 01:16:36,Gembucket,ID
5dc01e4d-fe65-44b1-a58f-0e3fa2492c56,155.125.187.237,2022-01-02 20:03:34,Stringtough,CN
06d1db1b-ebe7-4ac3-a6b2-005c468fda6e,33.119.78.150,2021-11-05 09:19:29,Zaam-Dox,BR
29c54fe4-7fe8-4c49-9170-2a07cee79284,30.244.253.55,2022-12-12 00:06:34,Cookley,CZ
c2f8a6c5-869f-44dc-91c1-64127d4fbd9f,250.218.167.169,2022-08-29 00:36:53,Alpha,KR
c64e7d59-807f-46b7-a4a2-acd32f446f98,45.232.65.189,2021-09-29 01:12:10,Otcom,ID
0e5e333f-9e36-4e7a-b17a-c7e6a77918fe,250.77.150.88,2022-02-08 09:12:09,Span,KR
6323b55a-3689-416c-a0e7-00a2bac51615,104.133.0.224,2022-01-08 05:53:11,Fix San,ID
d570d67b-bed1-4615-9af0-e81711c73881,193.21.134.189,2022-04-18 01:51:59,Matsoft,JP
94e3145c-1c02-4f24-88de-d9b80bf347b5,91.200.16.129,2022-06-08 01:06:45,Subin,MX
ef310999-030e-4a88-9b44-5042d1aa55ba,59.196.71.153,2022-05-10 02:03:47,Duobam,PT
71deea60-13ec-4e20-ae6f-4238246853e1,115.1.162.220,2021-09-25 21:31:34,Subin,VN
ac5a437f-e819-439a-9e6c-69cc6478f2ec,87.161.207.221,2022-10-14 17:39:46,Fix San,FR
f4d6baeb-8760-4edd-b7a0-87d78b0acf9b,212.139.110.40,2022-08-12 16:10:15,Stim,CN
de2398c4-cbce-4af1-8e64-4d2cf4363a92,120.128.91.49,2021-10-07 22:55:58,Sonair,ID
a3fae161-c9b6-498e-b124-c17483c9a11c,195.5.118.16,2022-10-13 18:22:30,Ventosanzap,PK
d3a09af6-b2f8-4df8-ac48-d59910eaa7e0,247.39.187.9,2022-03-02 04:55:14,Holdlamis,BR
c033431c-04dd-4e07-aab0-c67315f21807,177.157.41.194,2022-10-09 17:28:24,Matsoft,US
da586a92-5496-47bd-ac21-c960718a9b4c,66.14.25.234,2022-10-12 08:07:23,Stringtough,FR
ec5b0790-64b6-4ad7-a9cf-fb6893a374f4,16.41.216.118,2022-09-17 22:23:43,Keylex,PE
589e39c2-a630-471a-992a-2a8031555e58,3.98.18.199,2021-12-03 10:29:05,Regrant,SY
2e0d5e5e-91ac-49d9-bb36-f9f50333c821,238.48.52.120,2021-11-28 14:17:56,Stronghold,MX
ffb19076-110c-401d-a4ec-06a0a551889b,48.141.131.89,2021-10-28 10:05:30,,JP
aaa6f05f-0105-4f82-9132-7b03ed1cf514,239.36.89.94,2022-01-13 06:21:44,Matsoft,PS
a999f408-3baa-48a1-951e-ae268c7ad3ac,40.179.211.192,2022-04-16 21:41:15,Viva,TH
1f82553c-ac85-4898-a1b1-c4a7e5363358,219.142.206.159,2022-04-30 01:53:03,Duobam,PH
ba9024f0-db7e-4f26-9e81-46949933dd68,176.223.49.213,2022-09-11 16:25:38,Bytecard,LB
10391042-f0db-42ee-866d-397869ddf792,20.53.17.7,2021-09-15 23:18:55,Bamity,SE
77311b49-679f-4776-9a58-13864ac8256b,228.238.60.144,2022-10-31 07:04:43,Cookley,KR
880bdb8a-3734-4a68-a8f5-35e436ad037e,128.155.188.82,2022-06-28 10:32:41,Lotstring,TH
3b56370c-71e9-4713-9451-2b36f47aa0d0,255.150.203.21,2022-04-22 19:50:29,Fixflex,RU
29828020-738b-4bd0-9686-34a29eee9d84,211.176.234.30,2021-09-27 10:55:00,Zathin,CA
2ec52837-8005-419e-8032-04150c3bd602,6.16.87.89,2022-03-07 12:50:10,Namfix,ID
dd26bc44-b2c4-4ef9-bf10-a853733b3eab,151.85.56.83,2021-11-02 01:55:42,Y-find,MA
2eabcdff-004d-45ce-a0ef-36eb074640ec,192.84.16.176,2022-09-11 23:28:35,Bitwolf,CA
989b0722-3235-498d-baa4-feb5c28ca429,224.172.220.118,2021-10-05 01:55:11,Holdlamis,CN
f90dc895-74ef-4af5-9362-f23b9a6266a0,214.138.80.60,2022-11-05 11:50:45,Tin,GR
bfad6805-214c-40d7-847d-36bed4f00d11,26.127.156.113,2022-05-31 17:46:13,Treeflex,JP
3a176034-3d56-4c14-beec-c02cb50792b8,206.216.202.13,2022-01-19 10:36:07,Tresom,UG
8090f5e2-79d0-4f95-89f4-2e8acb798ebc,197.224.138.232,2022-09-27 13:02:21,Job,HR
585cf4b1-7be7-40e9-b792-ea131f31e644,150.204.127.105,2022-09-06 20:13:38,Prodder,CN
a5d8d217-1d9b-47e3-b8e7-73176fa76b4a,221.73.170.89,2022-06-27 17:59:44,Gembucket,CN
9d559cfe-9188-4ebd-8021-9d8846cc638a,252.123.225.46,2022-08-29 18:54:29,Asoka,NG
4257e14a-8d8a-4895-82a1-45a4eed017cf,28.201.190.41,2022-11-16 16:42:02,Alpha,AR
c1f4ac44-6af1-47e4-93a8-70c57ad1f494,103.213.92.176,2021-10-01 03:43:49,Cookley,CO
d8ff38dc-ca89-45d9-9529-32412f2ebb31,90.109.27.152,2022-10-05 02:51:28,Prodder,CN
98673ef4-e57d-4017-be93-1a247bda5228,151.241.244.255,2022-12-24 17:13:30,Span,CN
ef126840-8c1e-42c0-8645-0c84f8758d8a,176.219.117.101,2022-11-13 23:21:07,Zontrax,CA
679d17e2-5847-4658-b941-9ed91d6eb8a7,184.122.35.123,2022-01-07 10:43:16,,ID
01ac651e-8e9e-44d5-b603-afefee233c99,70.212.24.172,2022-07-25 02:26:24,Solarbreeze,EG
6c3cb25a-a27c-4594-a1f7-f6d5005a8314,125.240.77.167,2021-12-08 14:21:20,Y-Solowarm,PL
b82d397d-c959-4bb8-b29d-b361e11c1f56,131.7.45.145,2022-11-06 15:31:20,Sonsing,ET
7f1d6971-1e0d-4866-be5b-6f0ba887d04c,56.191.174.222,2022-03-18 11:05:43,Temp,ES
eb556f57-3a3d-4db7-a16a-93c055fdfbdc,194.164.214.65,2022-01-25 19:23:33,Keylex,GR
b5a47592-d6a4-4944-8f6c-d74c15b33d4d,136.133.75.77,2022-02-03 11:47:41,Cookley,IR
aefa7efe-f22d-4717-a261-7974025d3971,99.187.249.169,2021-11-07 23:25:12,Fintone,BR
0652a0a6-7fe0-4c49-9e24-06ab26953d9d,65.93.239.101,2022-08-28 19:48:47,Alphazap,PK
5563281b-0152-4657-a0e0-0bbea5bcaed0,243.0.161.8,2021-10-08 13:01:01,Bytecard,MX
73a7381e-257d-4f61-b243-4150c75d75c9,12.7.194.32,2022-10-17 00:31:45,Regrant,CZ
91387372-99d3-49a8-88c6-4900f114e7eb,251.156.177.145,2022-02-11 16:17:18,Tin,BR
ee62fde8-9814-4a32-978e-e99bd55b182b,243.153.186.99,2021-09-23 20:13:10,,ID
bac900f0-9d44-427b-8075-7462e73ff357,158.56.156.66,2022-06-13 07:29:47,Zontrax,SI
8469ca53-3ba9-4c8d-a50d-c65afa2cdae9,223.148.220.193,2022-02-23 05:03:42,Latlux,PH
d1d76c14-a3db-4557-8ae3-c3864ccfe043,178.184.66.9,2022-09-11 17:33:08,Zoolab,MN
768956e4-0fcf-47c1-8cf3-790a43ce50a7,235.84.104.207,2021-12-19 12:42:33,,FR
026cbfa0-af92-4d52-8af7-769701e796cb,163.134.243.198,2021-12-18 10:52:55,Redhold,KZ
759879a5-170b-47a8-b3ec-8f418233ed42,232.204.251.145,2022-05-01 15:59:06,Duobam,RS
89431231-7469-4480-a692-0e2aa153e0b7,117.20.90.0,2021-10-31 21:38:17,Kanlam,BD
8af61f64-8302-415a-a800-d23481504d60,251.91.215.248,2022-01-02 08:33:46,Zoolab,CN
2b973db4-70f0-4d5c-affa-695e10c898c2,22.241.88.204,2022-02-23 03:00:24,Span,CN
13335d27-e1f6-4013-98d1-1014343b6dd8,183.183.185.89,2022-04-18 01:01:36,Temp,XK
4d721804-a0b1-432e-87e9-34e78bf55082,234.89.61.108,2021-10-11 20:13:19,Andalax,RU
9925a475-7845-432c-8024-042b4e924592,133.104.4.226,2021-11-20 12:13:13,Aerified,RU
dd914070-b4a4-4246-b30b-f60c614dddae,183.53.102.235,2022-09-05 01:27:54,Stronghold,EC
6b4ae8f1-cf4c-4b12-9e49-41dc8d1bc118,78.149.8.168,2021-09-09 00:56:30,Asoka,RU
34f097e1-67b5-4fff-8ea5-d76db969fc3d,236.118.90.50,2022-10-04 16:42:41,Alphazap,HN
cdbdfd1a-669c-47bd-a625-8bc60a22839d,13.82.155.255,2021-09-12 23:37:47,Ventosanzap,KZ
2be8e674-5429-46f5-8f55-d5167da2578d,222.203.41.19,2022-05-07 22:56:40,Temp,ID
96f00cbd-4d17-43b0-bee1-c0a99d5fabc1,54.191.34.4,2021-12-06 13:51:18,Greenlam,JP
77d47389-e00f-440a-a9a1-5b75a58fab08,178.230.167.32,2022-10-19 12:36:30,Otcom,LV
72345766-57ce-4265-b34f-25b22e17d1a7,219.42.159.57,2022-07-27 13:34:53,Cookley,GR
3b959049-b0b1-4faf-b16f-0daa00ab0ace,6.171.147.177,2022-04-12 00:27:31,Cardify,CN
af5afb7b-119e-4d72-9235-5ba49d3ad465,123.66.200.30,2022-10-17 03:25:42,Transcof,IR
a2cf8b84-ab73-493d-af83-c3fb28ab7924,69.149.94.131,2022-11-14 12:54:36,Stronghold,ID
0ce0d6e3-69fd-449e-9a68-515131eb41e2,206.81.205.248,2022-06-10 19:52:43,Stringtough,SE
1655c266-66aa-40c7-8443-7403d7c93d3b,146.37.150.120,2022-12-11 19:00:26,Pannier,BR
c04a002f-9652-4f6e-93e4-54c7edf72140,46.191.232.67,2022-03-08 17:39:53,Sonsing,JP
307a6952-ba74-401c-aa76-f1e1a664501a,47.152.195.53,2022-10-29 03:32:14,Biodex,UA
18d1d45b-bcac-4a1b-b912-3be6b44a3b4e,225.131.181.238,2021-09-26 00:04:32,,RU
fe968b60-bf72-4c71-91eb-451e7446a77d,195.72.33.235,2022-05-07 12:58:38,Y-Solowarm,PE
2dea647b-d3d7-463a-b607-b5509ad67a21,157.190.117.67,2022-08-11 05:24:59,Stronghold,CI
49f3626f-255c-4335-90e7-3178fb3336cc,65.87.102.198,2022-06-26 02:56:14,Hatity,CN
eec39399-6f02-4b7e-94e4-c0c0c18304e4,95.137.93.55,2022-03-02 02:29:40,Lotlux,CZ
33edf7b2-f3a3-41c1-9ed7-39b061eb49a5,152.156.193.137,2021-09-03 13:51:03,Bitwolf,GB
8860f816-4623-43f2-abe7-a2a823b4dc63,92.174.107.77,2021-11-11 19:47:06,Bamity,CN
6ca9f3fa-d195-4c72-8c4b-ba129f8b01ce,178.2.104.128,2022-06-26 19:09:59,Ronstring,AR
8f261928-8d42-4f73-ae03-34d6b0099a9d,122.121.179.16,2022-07-10 01:42:26,Namfix,ES
15c3de78-861d-4ba6-9b13-102145ab51f0,225.85.83.65,2022-09-12 20:43:10,Keylex,CN
db597f67-5b38-42e2-be8d-38f6895e5093,80.199.194.25,2021-10-03 10:57:49,Temp,PH
668d92f4-fc0a-432a-995a-ebad90b9470e,91.44.195.112,2022-03-19 22:27:48,,TZ
7d8b73ff-13fa-4a42-9632-7e5d9ce3ad24,138.63.91.31,2021-12-22 11:04:52,Fix San,BR
09491c72-931f-41f3-bd6e-983ce2d67fa3,199.53.199.8,2022-02-04 05:16:01,Bytecard,UA
4f6474b3-8c7e-450b-a983-b79d0c98c193,173.198.113.16,2021-10-31 13:16:41,Kanlam,AM
17734aca-247e-4419-8fe2-057485aa5943,255.95.218.128,2022-04-03 07:34:00,Overhold,ID
58016936-ac57-42f1-bbb7-f5bf646c76be,185.2.255.197,2021-10-10 06:13:17,Y-Solowarm,CA
1ddbe7ad-0452-4439-82ba-631413741ca3,186.182.207.127,2022-01-31 09:54:37,Kanlam,CO
79db5b0f-3e5c-4a44-a620-c683dd3e1c4f,101.209.90.97,2021-10-10 17:06:15,Bigtax,TT
7e04698a-bcf6-4dfe-92bd-9ab20e9e78b5,206.149.214.80,2022-09-19 22:55:02,Vagram,CN
467ee9e0-93f8-4d22-b4d4-4883dfff098f,21.254.58.240,2021-11-10 10:25:46,Bitchip,CN
3800f979-a2bc-4cdf-9fd1-c86920aad18b,64.92.27.21,2022-09-05 21:15:04,Temp,GR
2a646297-4363-47ef-bfef-f47ee863da83,217.53.116.18,2022-02-16 07:42:32,Veribet,PT
7e5060f6-f341-4f5e-97ed-85cdb9ffc42d,224.218.83.27,2022-04-17 01:52:14,Konklab,RU
196b239b-20ce-4188-bfd7-04f71e09e29e,167.136.205.244,2021-12-18 00:29:09,Overhold,PK
11e74858-804a-414e-b734-4ddd7853d01c,231.197.164.137,2022-12-21 03:46:57,Zamit,CN
e6b77070-b43a-4d93-9818-c190932efa35,14.107.198.234,2022-05-15 13:03:35,Otcom,GE
9653063e-7a97-4223-86ad-d25360394a3a,138.94.65.159,2022-11-19 20:57:34,Redhold,CN
f68cd834-6f7c-4a61-919b-6246c1a04ff0,175.20.131.97,2022-06-21 21:03:52,Zathin,TD
d3cbbf2b-51ef-4024-a877-cba2e8fb2d08,119.254.193.201,2021-12-26 21:06:30,Vagram,CZ
a450f16f-7491-4115-b677-b2f8545af3f5,102.216.221.210,2021-11-23 07:05:25,Span,CN
be819921-30be-4a45-b7b2-f997375d1b84,156.49.104.246,2022-03-22 20:34:42,,CZ
8d25af0b-fe3e-4cf3-bf45-2c1ebaed52d8,199.176.32.6,2022-01-18 23:51:45,Viva,CN
78cd7ee6-9a6e-42cf-95c3-e6bb266edd67,88.124.222.12,2022-01-26 10:42:07,Bigtax,PE
4ec5cc38-3e09-4f7a-8ce9-e1f921cbaafa,237.222.19.62,2022-03-12 20:57:28,Stim,CZ
65f9bbc3-6064-4cb9-a7fb-7e138781ead9,103.145.188.170,2021-11-21 02:45:41,Treeflex,SE
57bbef44-7a82-4a60-9560-c08721d2617b,166.175.200.140,2022-10-22 11:39:11,Flowdesk,YE
9c707673-4d39-434e-b3b9-945bc07c2bde,105.90.106.94,2022-05-10 21:48:00,Trippledex,SE
8d9d3814-f665-43ab-bd49-10af3ac95dc5,52.223.16.30,2022-02-22 21:05:20,Prodder,GE
498add0f-d084-4a60-9637-dd0277f45b7d,158.27.111.12,2022-03-11 11:02:01,Lotstring,US
f2f81de7-4eee-460a-99fe-f5eea7e6a797,44.110.205.23,2022-07-04 18:14:16,Flexidy,CN
d2bc34d2-cbbe-47ce-954c-027aae3557d9,100.228.92.202,2022-03-02 17:57:14,Holdlamis,NG
67e088e8-775e-434f-a49e-e8d2b18de0dd,110.242.19.206,2022-07-18 11:29:27,Veribet,UA
7832765b-e2bc-4ca3-849a-8063cb47f267,243.47.227.30,2021-12-18 21:46:55,It,SE
463f4c46-0397-4a86-a126-89b66ffdb4b2,113.25.27.207,2021-10-03 18:19:28,Konklux,CA
d571d10a-cc48-4328-82b4-13d231fba185,119.85.124.240,2021-10-30 12:55:16,Bigtax,PT
ce2206b0-8671-4f95-99ca-eb3ce040806b,236.70.49.255,2021-08-29 21:58:04,Cardify,FR
358f75e6-c808-4460-bf3a-880ec80dcad5,26.30.43.178,2022-09-06 18:33:00,Aerified,CN
c929aa47-72be-45b7-a2d6-275fc81c53b7,221.125.9.91,2022-04-28 18:04:10,Zontrax,NO
f10fa5f3-72b7-489f-83f8-112ca2385dc2,21.229.55.117,2022-06-30 09:36:06,Matsoft,CN
cb922717-e36f-4712-9ab4-83a57b62a068,60.95.224.108,2022-06-11 01:05:43,Lotstring,CN
365a8283-42e9-4e0b-94e3-8413bcb4ecae,208.26.29.30,2022-08-14 08:20:40,Zamit,MY
03a6950a-3771-493d-840c-519d9cb9fe0e,186.199.249.62,2022-10-05 21:54:19,,IR
b5fdd0f3-3426-4229-abc2-0e9056212273,169.138.17.184,2021-11-15 02:10:29,Y-find,PL
92030421-41eb-4d33-a5ef-1d9f8f771ebb,95.212.202.140,2021-11-23 03:27:50,Overhold,ID
3495d127-855c-4d2a-acf3-8d516cb21b7c,73.189.153.113,2022-06-29 18:36:00,Voltsillam,CU
5875dd55-9cab-44da-9c53-a9409db7895e,120.173.253.219,2022-01-17 11:01:11,Flowdesk,ID
210e984c-230e-4c48-858b-c096d702f352,206.104.44.61,2022-12-12 07:39:48,Fix San,CN
